Country,City,University,Program,Level,Duration_Years,Tuition_USD,Living_Cost_Index,Rent_USD,Visa_Fee_USD,Insurance_USD,Exchange_Rate,Total_Estimated_Cost_USD
USA,Cambridge,Harvard University,Computer Science,Master,2.0,55400,83.5,2200,160,1500,1.0,111360.0
UK,London,Imperial College London,Data Science,Master,1.0,41200,75.8,1800,485,800,0.79,64085.0
Canada,Toronto,University of Toronto,Business Analytics,Master,2.0,38500,72.5,1600,235,900,1.35,78935.0
Australia,Melbourne,University of Melbourne,Engineering,Master,2.0,42000,71.2,1400,450,650,1.52,77350.0
Germany,Munich,Technical University of Munich,Mechanical Engineering,Master,2.0,500,70.5,1100,75,550,0.92,28075.0
Japan,Tokyo,University of Tokyo,Information Science,Master,2.0,8900,76.4,1300,220,750,145.8,41820.0
Netherlands,Amsterdam,University of Amsterdam,Artificial Intelligence,Master,1.0,15800,73.2,1500,180,720,0.92,34700.0
Singapore,Singapore,National University of Singapore,Finance,Master,1.5,35000,81.1,1900,90,800,1.34,70490.0
France,Paris,Sorbonne University,International Relations,Master,2.0,4500,74.6,1400,99,650,0.92,39499.0
Switzerland,Zurich,ETH Zurich,Physics,Master,2.0,1460,91.5,2100,88,1200,0.89,54348.0
Sweden,Stockholm,KTH Royal Institute,Sustainable Technology,Master,2.0,0,71.8,1200,110,400,10.45,29710.0
Denmark,Copenhagen,University of Copenhagen,Bioinformatics,Master,2.0,0,73.4,1300,120,450,6.92,32220.0
China,Beijing,Tsinghua University,Computer Engineering,Master,2.5,8900,52.3,800,140,400,7.18,34040.0
South Korea,Seoul,Seoul National University,Digital Media,Master,2.0,7200,68.7,900,130,500,1320.5,29930.0
Ireland,Dublin,Trinity College Dublin,Data Analytics,Master,1.0,28900,72.9,1600,150,650,0.92,48900.0
South Korea,Busan,Pusan National University,Business,Bachelor,4.0,5900,62.4,700,130,500,1320.5,41630.0
New Zealand,Auckland,University of Auckland,Marine Biology,Bachelor,3.0,28500,69.8,1200,245,600,1.64,73745.0
Austria,Vienna,University of Vienna,Social Sciences,Bachelor,3.0,1500,67.4,950,160,500,0.92,37360.0
Belgium,Brussels,KU Leuven,Biomedical Sciences,Bachelor,3.0,3500,68.9,1000,180,550,0.92,41330.0
USA,Ann Arbor,University of Michigan,Aerospace Engineering,Bachelor,4.0,52300,72.5,1800,160,1500,1.0,144860.0
USA,Atlanta,Georgia Tech,Industrial Engineering,Bachelor,4.0,43800,71.5,1700,160,1500,1.0,131560.0
USA,Austin,UT Austin,Chemical Engineering,Bachelor,4.0,40900,72.4,1600,160,1500,1.0,123860.0
UK,Bristol,University of Bristol,Mathematics,Bachelor,3.0,31200,69.8,1100,485,800,0.79,73685.0
Canada,Ottawa,University of Ottawa,Political Science,Bachelor,4.0,28900,68.5,1300,235,900,1.35,95135.0
Hong Kong,Hong Kong,HKUST,Finance,Bachelor,4.0,22000,78.6,1500,120,600,7.82,96520.0
Portugal,Lisbon,University of Lisbon,Architecture,Bachelor,3.0,3500,58.4,800,120,450,0.92,33770.0
Israel,Tel Aviv,Tel Aviv University,Computer Science,Bachelor,3.0,12000,76.2,1200,150,800,3.72,57750.0
Taiwan,Taipei,National Taiwan University,Electronics Engineering,Bachelor,4.0,5200,62.8,700,140,450,31.2,40740.0
Czech Republic,Prague,Charles University,Medicine,Bachelor,3.0,9800,54.6,650,100,400,22.5,34500.0
USA,Stanford,Stanford University,Computer Science,PhD,5.0,54200,89.5,2300,160,1500,1.0,199860.0
USA,Boston,MIT,Electrical Engineering,PhD,5.0,53800,83.2,2200,160,1500,1.0,193460.0
UK,Oxford,University of Oxford,Biomedical Sciences,PhD,4.0,29800,74.5,1600,485,800,0.79,110285.0
UK,Cambridge,University of Cambridge,Physics,PhD,4.0,31200,75.2,1700,485,800,0.79,116485.0
Germany,Heidelberg,Heidelberg University,Molecular Biology,PhD,3.0,500,68.4,900,75,550,0.92,34625.0
Switzerland,Basel,ETH Basel,Pharmaceutical Sciences,PhD,4.0,1500,88.6,1800,88,1200,0.89,92788.0
Netherlands,Delft,TU Delft,Robotics,PhD,4.0,4800,71.8,1200,180,720,0.92,65460.0
Singapore,Singapore,NTU Singapore,Data Science,PhD,4.0,8900,81.5,1600,90,800,1.34,88990.0
Canada,Waterloo,University of Waterloo,Quantum Computing,PhD,4.0,21500,69.8,1300,235,900,1.35,87735.0
Australia,Canberra,Australian National University,Climate Science,PhD,4.0,29800,70.2,1400,450,650,1.52,100050.0
Sweden,Lund,Lund University,Neuroscience,PhD,4.0,0,69.5,1000,110,400,10.45,49710.0
USA,San Diego,UC San Diego,Computer Science,Bachelor,4.0,44200,79.5,1900,160,1500,1.0,141560.0
USA,Seattle,University of Washington,Computer Science,Master,2.0,38900,83.4,2000,160,1500,1.0,90060.0
Canada,Edmonton,University of Alberta,Computer Science,PhD,4.0,22800,67.8,1200,235,900,1.35,84235.0
UK,Glasgow,University of Glasgow,Computer Science,Master,1.0,33500,67.5,1100,485,800,0.79,47985.0
India,Bangalore,Indian Institute of Science,Computer Science,Master,2.0,2500,45.6,500,200,300,83.2,15300.0
Denmark,Aalborg,Aalborg University,Computer Science,Bachelor,3.0,0,69.8,900,120,450,6.92,33870.0
Poland,Warsaw,University of Warsaw,Computer Science,Master,2.0,3800,51.2,650,80,350,4.02,20180.0
Ireland,Galway,NUI Galway,Computer Science,Bachelor,4.0,25800,68.5,1100,150,650,0.92,81350.0
South Korea,Daejeon,KAIST,Computer Science,PhD,4.0,6900,65.4,700,130,500,1320.5,42630.0
Malaysia,Kuala Lumpur,University of Malaya,Computer Science,Bachelor,4.0,4800,48.2,500,110,300,4.72,30110.0
USA,Berkeley,UC Berkeley,Computer Science,Bachelor,4.0,44900,84.2,2100,160,1500,1.0,151860.0
UK,Manchester,University of Manchester,Economics,Bachelor,3.0,32000,68.4,1200,485,800,0.79,78085.0
Canada,Vancouver,University of British Columbia,Psychology,Bachelor,4.0,31200,71.2,1700,235,900,1.35,116635.0
Australia,Sydney,University of Sydney,Business,Bachelor,3.0,35000,72.8,1600,450,650,1.52,95000.0
Germany,Berlin,Free University of Berlin,International Business,Bachelor,3.0,0,65.2,900,75,550,0.92,34125.0
Spain,Barcelona,University of Barcelona,Architecture,Bachelor,4.0,2800,62.4,950,160,500,0.92,50560.0
Italy,Milan,Politecnico di Milano,Design,Bachelor,3.0,4200,63.8,1100,120,650,0.92,45870.0
Netherlands,Rotterdam,Erasmus University,Economics,Bachelor,3.0,11200,71.5,1300,180,720,0.92,60340.0
Finland,Helsinki,University of Helsinki,Computer Science,Bachelor,3.0,0,70.2,1100,120,400,0.92,40920.0
Norway,Oslo,University of Oslo,Environmental Science,Bachelor,3.0,0,75.6,1400,135,450,10.45,51885.0
Japan,Osaka,Osaka University,Engineering,Bachelor,4.0,6800,71.2,900,220,750,145.8,53220.0
Japan,Kyoto,Kyoto University,Computer Science,Master,2.0,8500,71.8,900,220,750,145.8,31820.0
Japan,Nagoya,Nagoya University,Information Science,Bachelor,4.0,7800,68.5,750,220,750,145.8,47020.0
Japan,Sendai,Tohoku University,Software Engineering,Master,2.0,8200,65.4,650,220,750,145.8,25520.0
Japan,Fukuoka,Kyushu University,Computer Engineering,Bachelor,4.0,7500,64.8,600,220,750,145.8,39520.0
Japan,Sapporo,Hokkaido University,Data Science,Master,2.0,8100,63.5,550,220,750,145.8,23020.0
Japan,Tokyo,Tokyo Institute of Technology,Artificial Intelligence,PhD,3.0,8900,76.4,1100,220,750,145.8,50970.0
Japan,Tsukuba,University of Tsukuba,Information Systems,Bachelor,4.0,7200,64.2,600,220,750,145.8,39220.0
Japan,Kobe,Kobe University,Computer Science,Master,2.0,7900,67.8,700,220,750,145.8,26420.0
Japan,Kanazawa,Kanazawa University,Software Engineering,Bachelor,4.0,7100,62.5,500,220,750,145.8,34320.0
Japan,Hiroshima,Hiroshima University,Information Technology,Master,2.0,7600,63.8,550,220,750,145.8,22520.0
Australia,Adelaide,University of Adelaide,Computer Science,Bachelor,3.0,32800,68.5,1100,450,650,1.52,74800.0
Australia,Perth,University of Western Australia,Software Engineering,Master,2.0,34500,69.8,1200,450,650,1.52,65050.0
Australia,Gold Coast,Griffith University,Information Technology,Bachelor,3.0,31200,67.5,1100,450,650,1.52,73200.0
Australia,Hobart,University of Tasmania,Data Science,Master,2.0,30800,65.4,950,450,650,1.52,55350.0
Australia,Newcastle,University of Newcastle,Computer Engineering,Bachelor,4.0,31500,66.8,1000,450,650,1.52,82550.0
Australia,Wollongong,University of Wollongong,Artificial Intelligence,Master,2.0,32900,67.2,1050,450,650,1.52,59850.0
Australia,Darwin,Charles Darwin University,Information Systems,Bachelor,3.0,29800,64.5,900,450,650,1.52,64600.0
Australia,Townsville,James Cook University,Data Analytics,Master,2.0,31200,65.8,950,450,650,1.52,55750.0
Australia,Sunshine Coast,USC,Software Development,Bachelor,3.0,29500,66.2,1000,450,650,1.52,67900.0
Australia,Armidale,University of New England,Computing Science,Master,2.0,30500,64.8,850,450,650,1.52,52650.0
Germany,Dresden,TU Dresden,Computer Science,Master,2.0,500,65.8,750,75,550,0.92,19675.0
Germany,Stuttgart,University of Stuttgart,Software Engineering,Bachelor,3.0,450,68.5,850,75,550,0.92,32775.0
Germany,Hamburg,TU Hamburg,Data Engineering,Master,2.0,500,71.2,950,75,550,0.92,24475.0
Germany,Aachen,RWTH Aachen,Computer Engineering,Bachelor,3.0,500,66.4,700,75,550,0.92,27425.0
Germany,Karlsruhe,KIT,Artificial Intelligence,Master,2.0,500,67.8,800,75,550,0.92,20875.0
Germany,Darmstadt,TU Darmstadt,Information Systems,Bachelor,3.0,450,66.9,750,75,550,0.92,29175.0
Germany,Braunschweig,TU Braunschweig,Software Systems,Master,2.0,500,64.5,650,75,550,0.92,17275.0
Germany,Jena,University of Jena,Data Science,Bachelor,3.0,450,63.8,600,75,550,0.92,23775.0
Germany,Hannover,Leibniz University,Digital Engineering,Master,2.0,500,66.2,750,75,550,0.92,19675.0
Germany,Freiburg,University of Freiburg,Robotics & AI,Master,2.0,500,67.5,800,75,550,0.92,20875.0
USA,Philadelphia,University of Pennsylvania,Computer Science,Master,2.0,51900,76.8,1900,160,1500,1.0,100660.0
USA,Chicago,University of Chicago,Data Analytics,Master,2.0,52400,78.9,2000,160,1500,1.0,103560.0
USA,Baltimore,Johns Hopkins,Artificial Intelligence,PhD,5.0,53600,72.5,1700,160,1500,1.0,163260.0
USA,Nashville,Vanderbilt University,Computer Engineering,Bachelor,4.0,50800,71.2,1600,160,1500,1.0,133760.0
USA,Durham,Duke University,Software Engineering,Master,2.0,51500,70.8,1500,160,1500,1.0,90660.0
USA,Madison,University of Wisconsin,Computer Science,PhD,5.0,38200,69.5,1400,160,1500,1.0,129860.0
USA,Tempe,Arizona State University,Information Technology,Bachelor,4.0,41200,70.2,1300,160,1500,1.0,109760.0
USA,Boulder,University of Colorado,Data Science,Master,2.0,39800,71.5,1600,160,1500,1.0,81360.0
USA,Minneapolis,University of Minnesota,Computer Science,Bachelor,4.0,42500,72.8,1500,160,1500,1.0,120660.0
USA,Davis,UC Davis,Computer Engineering,Master,2.0,42800,73.5,1700,160,1500,1.0,86760.0
UK,London,University College London,Computer Science,Master,1.0,39200,76.2,1900,485,800,0.79,63285.0
UK,Leeds,University of Leeds,Software Engineering,Bachelor,3.0,28500,65.8,950,485,800,0.79,65585.0
UK,Warwick,University of Warwick,Data Science,Master,1.0,36800,67.2,1000,485,800,0.79,50085.0
UK,Sheffield,University of Sheffield,Artificial Intelligence,PhD,3.0,27900,64.5,850,485,800,0.79,61385.0
UK,Birmingham,University of Birmingham,Computer Engineering,Bachelor,3.0,29500,66.8,950,485,800,0.79,66585.0
UK,Southampton,University of Southampton,Cybersecurity,Master,1.0,32400,65.9,900,485,800,0.79,44485.0
UK,Nottingham,University of Nottingham,Computer Science,Bachelor,3.0,28900,64.8,850,485,800,0.79,62385.0
UK,Cardiff,Cardiff University,Software Development,Master,1.0,31200,64.2,800,485,800,0.79,42085.0
UK,Belfast,Queen's University Belfast,Computing Systems,Bachelor,3.0,27500,63.5,750,485,800,0.79,57385.0
UK,Newcastle,Newcastle University,Data Analytics,Master,1.0,30800,64.6,800,485,800,0.79,41685.0
Canada,Hamilton,McMaster University,Software Engineering,Bachelor,4.0,32500,68.5,1200,235,900,1.35,93935.0
Canada,London ON,Western University,Computer Science,Master,2.0,29800,65.8,1100,235,900,1.35,58235.0
Canada,Halifax,Dalhousie University,Data Science,Master,2.0,28500,64.5,1200,235,900,1.35,59335.0
Canada,Victoria,University of Victoria,Computer Engineering,Bachelor,4.0,27900,69.2,1300,235,900,1.35,94135.0
Canada,Quebec City,Laval University,Artificial Intelligence,Master,2.0,21500,63.8,900,235,900,1.35,45135.0
Canada,Winnipeg,University of Manitoba,Computer Science,Bachelor,4.0,26800,62.5,950,235,900,1.35,76235.0
Canada,Regina,University of Regina,Software Systems,Bachelor,4.0,25500,61.8,900,235,900,1.35,72535.0
Canada,St. John's,Memorial University,Computer Science,Master,2.0,19800,63.2,950,235,900,1.35,44635.0
Canada,Saskatoon,University of Saskatchewan,Data Analytics,Master,2.0,24500,62.8,1000,235,900,1.35,50535.0
Canada,Sherbrooke,Université de Sherbrooke,Computer Engineering,PhD,4.0,20500,61.5,850,235,900,1.35,65135.0
USA,Pittsburgh,Carnegie Mellon,Computer Science,Master,2.0,51200,72.4,1800,160,1500,1.0,97560.0
USA,Urbana-Champaign,UIUC,Computer Science,PhD,5.0,45800,68.5,1400,160,1500,1.0,137460.0
Canada,Calgary,University of Calgary,Software Engineering,Bachelor,4.0,26500,69.2,1300,235,900,1.35,92735.0
Brazil,Sao Paulo,University of Sao Paulo,Computer Science,Master,2.0,0,48.5,600,160,400,4.95,15360.0
Turkey,Istanbul,Bogazici University,Computer Engineering,Bachelor,4.0,1800,42.8,450,100,300,30.5,24700.0
Russia,Moscow,Moscow State University,Applied Mathematics,Master,2.0,3900,51.2,700,120,350,92.8,21520.0
Mexico,Mexico City,UNAM,Computer Engineering,Bachelor,4.0,800,44.6,500,160,400,17.2,26560.0
Greece,Athens,National Technical University,Software Engineering,Master,2.0,2500,54.8,550,120,400,0.92,16620.0
Thailand,Bangkok,Chulalongkorn University,Computer Science,Bachelor,4.0,3800,46.5,450,140,300,35.2,26740.0
UAE,Dubai,American University in Dubai,Computer Science,Bachelor,4.0,29500,72.4,1200,270,800,3.67,90570.0
USA,New York,Columbia University,Data Science,Master,2.0,52800,100.0,2500,160,1500,1.0,115960.0
USA,Ithaca,Cornell University,Computer Science,PhD,5.0,49800,70.5,1600,160,1500,1.0,153460.0
China,Shenzhen,SUSTech,Artificial Intelligence,Master,2.0,8200,58.4,800,140,400,7.18,28340.0
South Africa,Cape Town,University of Cape Town,Computer Science,Bachelor,3.0,5900,49.2,600,140,400,18.72,28840.0
Egypt,Cairo,American University in Cairo,Computer Engineering,Bachelor,4.0,19800,38.4,450,130,350,30.9,42930.0
Argentina,Buenos Aires,University of Buenos Aires,Software Engineering,Bachelor,5.0,0,42.6,400,150,300,821.5,25650.0
Indonesia,Jakarta,University of Indonesia,Information Systems,Bachelor,4.0,4200,45.8,500,130,300,15640.0,29530.0
Saudi Arabia,Riyadh,King Saud University,Computer Science,Master,2.0,7800,52.4,800,250,600,3.75,28450.0
Nigeria,Lagos,University of Lagos,Computer Engineering,Bachelor,4.0,2500,40.2,400,180,300,860.2,23080.0
Vietnam,Ho Chi Minh City,HCMUT,Software Engineering,Bachelor,4.0,3200,43.6,450,120,250,24450.0,25920.0
Netherlands,Eindhoven,TU Eindhoven,Computer Science,Master,2.0,15600,69.8,950,180,720,0.92,40020.0
Netherlands,Enschede,University of Twente,Artificial Intelligence,Bachelor,3.0,11200,65.4,750,180,720,0.92,40540.0
Netherlands,Groningen,University of Groningen,Computing Science,Master,2.0,14800,66.8,800,180,720,0.92,35620.0
Netherlands,Maastricht,Maastricht University,Data Science,Bachelor,3.0,11500,67.2,850,180,720,0.92,44440.0
Netherlands,Nijmegen,Radboud University,Software Science,Master,2.0,14500,66.5,800,180,720,0.92,35320.0
Netherlands,Tilburg,Tilburg University,Information Systems,Bachelor,3.0,11300,65.8,750,180,720,0.92,40640.0
Netherlands,Utrecht,Utrecht University,Game Technology,Master,2.0,15200,70.2,1000,180,720,0.92,40820.0
Netherlands,Leiden,Leiden University,Computer Engineering,Bachelor,3.0,11400,69.5,950,180,720,0.92,47940.0
Netherlands,Wageningen,Wageningen University,Bioinformatics,Master,2.0,14900,65.2,750,180,720,0.92,34520.0
Netherlands,Amsterdam,VU Amsterdam,Business Analytics,Master,2.0,15400,73.5,1100,180,720,0.92,43420.0
Singapore,Singapore,Nanyang Technological University,Computer Science,Bachelor,4.0,32500,81.1,1500,90,800,1.34,107790.0
Singapore,Singapore,Singapore Management University,Information Systems,Bachelor,4.0,31800,81.1,1500,90,800,1.34,107090.0
Singapore,Singapore,SUTD,Computer Science & Design,Bachelor,4.0,31200,81.1,1500,90,800,1.34,106490.0
Singapore,Singapore,SIT,Software Engineering,Bachelor,4.0,29800,81.1,1500,90,800,1.34,105090.0
Singapore,Singapore,NUS,Artificial Intelligence,Master,2.0,35600,81.1,1500,90,800,1.34,73290.0
Singapore,Singapore,NTU,Data Science & AI,Master,2.0,34900,81.1,1500,90,800,1.34,72590.0
Singapore,Singapore,SUTD,Technology & Innovation,Master,2.0,33800,81.1,1500,90,800,1.34,71490.0
Singapore,Singapore,SMU,Computing & Innovation,Master,2.0,34200,81.1,1500,90,800,1.34,71890.0
Singapore,Singapore,NUS,Computer Engineering,PhD,4.0,38500,81.1,1500,90,800,1.34,113790.0
Singapore,Singapore,NTU,Digital Systems & AI,PhD,4.0,37900,81.1,1500,90,800,1.34,113190.0
France,Paris,École Polytechnique,Computer Science,Master,2.0,15600,74.6,1500,99,650,0.92,52999.0
France,Toulouse,INSA Toulouse,Software Engineering,Bachelor,3.0,4200,65.8,750,99,650,0.92,33249.0
France,Lyon,École Normale Supérieure Lyon,Data Science,Master,2.0,4800,68.5,850,99,650,0.92,26599.0
France,Grenoble,Grenoble INP,Artificial Intelligence,Master,2.0,4500,66.4,800,99,650,0.92,25099.0
France,Nice,Université Nice Sophia Antipolis,Computer Engineering,Bachelor,3.0,3900,69.2,900,99,650,0.92,38349.0
France,Bordeaux,University of Bordeaux,Information Systems,Master,2.0,4200,67.8,850,99,650,0.92,25999.0
France,Lille,Université de Lille,Software Development,Bachelor,3.0,3800,65.5,750,99,650,0.92,32849.0
France,Rennes,INSA Rennes,Cybersecurity,Master,2.0,4500,64.8,700,99,650,0.92,22699.0
France,Strasbourg,University of Strasbourg,Digital Systems,Bachelor,3.0,3900,66.2,800,99,650,0.92,34749.0
France,Montpellier,University of Montpellier,Data Engineering,Master,2.0,4100,65.9,750,99,650,0.92,23499.0
Switzerland,Lausanne,EPFL,Computer Science,Master,2.0,1460,89.8,1900,88,1200,0.89,49548.0
Switzerland,Geneva,University of Geneva,Data Science,Bachelor,3.0,1380,90.5,2000,88,1200,0.89,77068.0
Switzerland,Bern,University of Bern,Software Engineering,Master,2.0,1420,85.4,1700,88,1200,0.89,44708.0
Switzerland,St. Gallen,University of St. Gallen,Business Informatics,Bachelor,3.0,1440,86.2,1600,88,1200,0.89,62728.0
Switzerland,Lugano,USI,Artificial Intelligence,Master,2.0,1460,84.5,1500,88,1200,0.89,39948.0
Switzerland,Fribourg,University of Fribourg,Computer Engineering,Bachelor,3.0,1380,83.8,1400,88,1200,0.89,55468.0
Switzerland,Neuchatel,University of Neuchatel,Information Systems,Master,2.0,1420,84.2,1500,88,1200,0.89,39908.0
Switzerland,Basel,University of Basel,Computational Science,Master,2.0,1440,87.5,1800,88,1200,0.89,47128.0
Switzerland,Lucerne,University of Lucerne,Digital Innovation,Bachelor,3.0,1380,85.8,1600,88,1200,0.89,62668.0
Switzerland,Winterthur,ZHAW,Data Engineering,Master,2.0,1460,86.4,1700,88,1200,0.89,44748.0
Denmark,Copenhagen,University of Copenhagen,Computer Science,Master,2.0,8800,83.2,1500,110,600,0.15,46110.0
Denmark,Aarhus,Aarhus University,Data Science,Master,2.0,8600,77.4,1200,110,600,0.15,38710.0
Denmark,Aalborg,Aalborg University,Software Engineering,Master,2.0,8400,75.1,1000,110,600,0.15,33710.0
China,Beijing,Tsinghua University,Computer Science,Master,3.0,8900,51.2,800,140,400,7.15,39040.0
China,Beijing,Peking University,Data Science,Master,3.0,8500,51.2,750,140,400,7.15,36840.0
China,Shanghai,Fudan University,Software Engineering,Master,2.5,7800,48.9,700,140,400,7.15,29940.0
China,Shanghai,Shanghai Jiao Tong University,Artificial Intelligence,Master,2.5,8200,48.9,720,140,400,7.15,30940.0
China,Hangzhou,Zhejiang University,Computer Engineering,Master,3.0,7500,45.3,550,140,400,7.15,28640.0
China,Nanjing,Nanjing University,Information Technology,Master,3.0,7200,44.1,500,140,400,7.15,26540.0
China,Guangzhou,Sun Yat-sen University,Computer Science,Master,3.0,6900,43.8,480,140,400,7.15,25520.0
China,Wuhan,Wuhan University,Software Engineering,Master,3.0,6500,41.2,450,140,400,7.15,24040.0
China,Xi'an,Xi'an Jiaotong University,Data Science,Master,3.0,6300,40.5,420,140,400,7.15,22760.0
China,Chengdu,Sichuan University,Computer Engineering,Master,3.0,6100,39.8,400,140,400,7.15,21840.0
South Korea,Seoul,Seoul National University,Computer Science,Master,2.0,7200,85.1,950,90,800,1300.0,31690.0
South Korea,Seoul,Korea University,Artificial Intelligence,Master,2.0,7000,85.1,920,90,800,1300.0,30770.0
South Korea,Seoul,Yonsei University,Data Science,Master,2.0,6900,85.1,900,90,800,1300.0,30190.0
South Korea,Seoul,Hanyang University,Software Engineering,Master,2.0,6500,85.1,850,90,800,1300.0,28590.0
South Korea,Seoul,Sungkyunkwan University,Computer Engineering,Master,2.0,6400,85.1,840,90,800,1300.0,28250.0
South Korea,Daejeon,KAIST,Robotics Engineering,Master,2.0,6800,75.4,700,90,800,1300.0,25290.0
South Korea,Daejeon,Chungnam National University,Information Systems,Master,2.0,5900,75.4,650,90,800,1300.0,23190.0
South Korea,Busan,Pusan National University,Computer Science,Master,2.0,5800,73.2,600,90,800,1300.0,21890.0
South Korea,Busan,Dong-A University,Software Engineering,Master,2.0,5600,73.2,580,90,800,1300.0,21210.0
South Korea,Daegu,Kyungpook National University,Data Analytics,Master,2.0,5500,71.8,550,90,800,1300.0,20390.0
South Korea,Daegu,Yeungnam University,Computer Engineering,Master,2.0,5400,71.8,530,90,800,1300.0,19810.0
South Korea,Gwangju,Chonnam National University,Information Technology,Master,2.0,5300,70.5,520,90,800,1300.0,19470.0
South Korea,Gwangju,Chosun University,Computer Science,Master,2.0,5200,70.5,500,90,800,1300.0,18890.0
South Korea,Ulsan,Ulsan National Institute of Science and Technology,AI Engineering,Master,2.0,6100,72.3,580,90,800,1300.0,21710.0
South Korea,Ulsan,University of Ulsan,Software Systems,Master,2.0,5100,72.3,550,90,800,1300.0,19990.0
South Korea,Pohang,POSTECH,Computer Engineering,Master,2.0,6300,71.2,570,90,800,1300.0,21670.0
South Korea,Incheon,Incheon National University,Data Science,Master,2.0,5000,76.4,600,90,800,1300.0,21090.0
South Korea,Suwon,Sungkyunkwan University (Suwon),Computer Systems,Master,2.0,5900,77.8,650,90,800,1300.0,23190.0
South Korea,Daejeon,Hanbat National University,Information Security,Master,2.0,4900,75.4,540,90,800,1300.0,19550.0
South Korea,Cheongju,Chungbuk National University,Computer Networks,Master,2.0,4800,70.1,520,90,800,1300.0,18970.0
USA,Stanford,Stanford University,Computer Science,Bachelor,4.0,57000,95.2,2400,160,1500,1.0,178360.0
USA,Cambridge,MIT,Computer Science,Bachelor,4.0,55800,83.5,2300,160,1500,1.0,172360.0
USA,New Haven,Yale University,Computer Science,Bachelor,4.0,54500,79.8,2100,160,1500,1.0,161460.0
USA,Princeton,Princeton University,Computer Science,Bachelor,4.0,54000,81.2,2000,160,1500,1.0,156160.0
USA,Philadelphia,University of Pennsylvania,Computer Science,Bachelor,4.0,53500,82.4,1900,160,1500,1.0,150860.0
USA,Los Angeles,UCLA,Computer Science,Bachelor,4.0,43000,88.7,2200,160,1500,1.0,154760.0
USA,Berkeley,UC Berkeley,Computer Science,Bachelor,4.0,43500,91.5,2300,160,1500,1.0,160060.0
USA,Ann Arbor,University of Michigan,Computer Science,Bachelor,4.0,52000,75.4,1700,160,1500,1.0,139760.0
USA,Austin,University of Texas Austin,Computer Science,Bachelor,4.0,40500,72.8,1800,160,1500,1.0,133060.0
USA,Seattle,University of Washington,Computer Science,Bachelor,4.0,39800,85.6,2000,160,1500,1.0,141960.0
USA,Madison,University of Wisconsin-Madison,Computer Science,Bachelor,4.0,37500,71.2,1600,160,1500,1.0,120460.0
USA,Urbana,University of Illinois Urbana-Champaign,Computer Science,Bachelor,4.0,36800,70.5,1500,160,1500,1.0,114960.0
USA,Atlanta,Georgia Tech,Computer Science,Bachelor,4.0,33500,76.8,1700,160,1500,1.0,121260.0
USA,Columbus,Ohio State University,Computer Science,Bachelor,4.0,32800,71.4,1400,160,1500,1.0,106160.0
USA,West Lafayette,Purdue University,Computer Science,Bachelor,4.0,31500,68.9,1300,160,1500,1.0,100060.0
USA,Gainesville,University of Florida,Computer Science,Bachelor,4.0,28500,70.2,1400,160,1500,1.0,101860.0
USA,Tempe,Arizona State University,Computer Science,Bachelor,4.0,28000,72.5,1500,160,1500,1.0,106160.0
USA,Raleigh,NC State University,Computer Science,Bachelor,4.0,27500,71.8,1400,160,1500,1.0,100860.0
USA,College Station,Texas A&M University,Computer Science,Bachelor,4.0,27000,69.5,1300,160,1500,1.0,95560.0
USA,Corvallis,Oregon State University,Computer Science,Bachelor,4.0,26500,70.1,1300,160,1500,1.0,95060.0
UK,Cambridge,University of Cambridge,Computer Science,Bachelor,3.0,38500,78.5,1800,490,800,0.79,106190.0
UK,Oxford,University of Oxford,Computer Science,Bachelor,3.0,37900,77.8,1850,490,800,0.79,107390.0
UK,London,Imperial College London,Computer Science,Bachelor,3.0,37500,83.2,2200,490,800,0.79,119590.0
UK,London,University College London,Computer Science,Bachelor,3.0,36800,83.2,2100,490,800,0.79,115290.0
UK,London,King's College London,Computer Science,Bachelor,3.0,35500,83.2,2000,490,800,0.79,110390.0
UK,Edinburgh,University of Edinburgh,Computer Science,Bachelor,4.0,32500,75.4,1600,490,800,0.79,112990.0
UK,Manchester,University of Manchester,Computer Science,Bachelor,3.0,31800,72.1,1400,490,800,0.79,85090.0
UK,Bristol,University of Bristol,Computer Science,Bachelor,3.0,31500,74.8,1500,490,800,0.79,88390.0
UK,Warwick,University of Warwick,Computer Science,Bachelor,3.0,31200,71.5,1300,490,800,0.79,80890.0
UK,Glasgow,University of Glasgow,Computer Science,Bachelor,4.0,30800,73.2,1400,490,800,0.79,101690.0
UK,Birmingham,University of Birmingham,Computer Science,Bachelor,3.0,30500,71.8,1300,490,800,0.79,80190.0
UK,Leeds,University of Leeds,Computer Science,Bachelor,3.0,30200,71.2,1250,490,800,0.79,78090.0
UK,Sheffield,University of Sheffield,Computer Science,Bachelor,3.0,29800,70.5,1200,490,800,0.79,75890.0
UK,Nottingham,University of Nottingham,Computer Science,Bachelor,3.0,29500,70.8,1150,490,800,0.79,73790.0
UK,Southampton,University of Southampton,Computer Science,Bachelor,3.0,29200,72.4,1300,490,800,0.79,78890.0
UK,Durham,Durham University,Computer Science,Bachelor,3.0,28900,71.6,1250,490,800,0.79,76790.0
UK,Liverpool,University of Liverpool,Computer Science,Bachelor,3.0,28600,70.2,1100,490,800,0.79,71090.0
UK,Cardiff,Cardiff University,Computer Science,Bachelor,3.0,28300,69.8,1050,490,800,0.79,68990.0
UK,Newcastle,Newcastle University,Computer Science,Bachelor,3.0,28000,70.1,1100,490,800,0.79,70490.0
UK,Aberdeen,University of Aberdeen,Computer Science,Bachelor,4.0,27700,69.5,1000,490,800,0.79,79390.0
UK,Leicester,University of Leicester,Computer Science,Bachelor,3.0,27400,68.9,950,490,800,0.79,64490.0
UK,Reading,University of Reading,Computer Science,Bachelor,3.0,27100,71.2,1150,490,800,0.79,71390.0
UK,Sussex,University of Sussex,Computer Science,Bachelor,3.0,26800,72.5,1200,490,800,0.79,72890.0
UK,Essex,University of Essex,Computer Science,Bachelor,3.0,26500,69.8,1000,490,800,0.79,65390.0
UK,Bath,University of Bath,Computer Science,Bachelor,3.0,26200,73.4,1250,490,800,0.79,74090.0
UK,Surrey,University of Surrey,Computer Science,Bachelor,3.0,25900,71.8,1150,490,800,0.79,70190.0
UK,Exeter,University of Exeter,Computer Science,Bachelor,3.0,25600,72.1,1200,490,800,0.79,71690.0
UK,Kent,University of Kent,Computer Science,Bachelor,3.0,25300,70.5,1100,490,800,0.79,67790.0
UK,Dundee,University of Dundee,Computer Science,Bachelor,4.0,25000,68.9,950,490,800,0.79,74290.0
UK,Strathclyde,University of Strathclyde,Computer Science,Bachelor,4.0,24700,69.2,1000,490,800,0.79,76390.0
UK,Heriot-Watt,Heriot-Watt University,Computer Science,Bachelor,4.0,24400,69.5,1050,490,800,0.79,78490.0
UK,Loughborough,Loughborough University,Computer Science,Bachelor,3.0,24100,68.5,900,490,800,0.79,59390.0
UK,Brunel,Brunel University London,Computer Science,Bachelor,3.0,23800,83.2,1800,490,800,0.79,91490.0
UK,Queen Mary,Queen Mary University of London,Computer Science,Bachelor,3.0,23500,83.2,1900,490,800,0.79,94790.0
UK,Royal Holloway,Royal Holloway University,Computer Science,Bachelor,3.0,23200,75.5,1400,490,800,0.79,76490.0
UK,Lancaster,Lancaster University,Computer Science,Bachelor,3.0,22900,69.8,1000,490,800,0.79,61790.0
UK,Swansea,Swansea University,Computer Science,Bachelor,3.0,22600,68.5,950,490,800,0.79,59690.0
UK,Aston,Aston University,Computer Science,Bachelor,3.0,22300,71.8,1200,490,800,0.79,68390.0
UK,Hull,University of Hull,Computer Science,Bachelor,3.0,22000,67.9,850,490,800,0.79,55490.0
UK,Keele,Keele University,Computer Science,Bachelor,3.0,21700,67.5,800,490,800,0.79,53390.0
UK,Plymouth,University of Plymouth,Computer Science,Bachelor,3.0,21400,69.2,950,490,800,0.79,58490.0
UK,Portsmouth,University of Portsmouth,Computer Science,Bachelor,3.0,21100,70.5,1000,490,800,0.79,59990.0
UK,Ulster,Ulster University,Computer Science,Bachelor,3.0,20800,67.2,800,490,800,0.79,52490.0
UK,Northumbria,Northumbria University,Computer Science,Bachelor,3.0,20500,68.5,900,490,800,0.79,55790.0
UK,Coventry,Coventry University,Computer Science,Bachelor,3.0,20200,69.8,950,490,800,0.79,57290.0
UK,Oxford Brookes,Oxford Brookes University,Computer Science,Bachelor,3.0,19900,77.8,1500,490,800,0.79,76790.0
UK,De Montfort,De Montfort University,Computer Science,Bachelor,3.0,19600,68.9,900,490,800,0.79,54890.0
UK,Westminster,University of Westminster,Computer Science,Bachelor,3.0,19300,83.2,1800,490,800,0.79,86990.0
UK,Greenwich,University of Greenwich,Computer Science,Bachelor,3.0,19000,83.2,1700,490,800,0.79,83090.0
UK,Kingston,Kingston University,Computer Science,Bachelor,3.0,18700,83.2,1600,490,800,0.79,79190.0
Canada,Toronto,University of Toronto,Computer Science,Bachelor,4.0,45200,73.5,1800,235,600,1.35,134235.0
Canada,Toronto,University of Toronto,Computer Science,Master,2.0,28500,73.5,1800,235,600,1.35,73135.0
Canada,Vancouver,University of British Columbia,Computer Science,Bachelor,4.0,43800,71.2,1900,235,600,1.35,137635.0
Canada,Vancouver,University of British Columbia,Computer Science,Master,2.0,27900,71.2,1900,235,600,1.35,74935.0
Canada,Montreal,McGill University,Computer Science,Bachelor,4.0,41500,65.8,1500,235,600,1.35,116135.0
Canada,Montreal,McGill University,Computer Science,Master,2.0,26800,65.8,1500,235,600,1.35,64235.0
Canada,Waterloo,University of Waterloo,Computer Science,Bachelor,4.0,40900,62.4,1300,235,600,1.35,105935.0
Canada,Waterloo,University of Waterloo,Computer Science,Master,2.0,26200,62.4,1300,235,600,1.35,58835.0
Canada,Montreal,University of Montreal,Computer Science,Bachelor,4.0,39500,65.8,1400,235,600,1.35,109335.0
Canada,Montreal,University of Montreal,Computer Science,Master,2.0,25800,65.8,1400,235,600,1.35,60835.0
Canada,Edmonton,University of Alberta,Computer Science,Bachelor,4.0,38200,61.9,1200,235,600,1.35,98435.0
Canada,Edmonton,University of Alberta,Computer Science,Master,2.0,24900,61.9,1200,235,600,1.35,55135.0
Canada,Ottawa,University of Ottawa,Computer Science,Bachelor,4.0,37800,63.5,1400,235,600,1.35,107635.0
Canada,Ottawa,University of Ottawa,Computer Science,Master,2.0,24500,63.5,1400,235,600,1.35,59535.0
Canada,Calgary,University of Calgary,Computer Science,Bachelor,4.0,37200,62.8,1300,235,600,1.35,102235.0
Canada,Calgary,University of Calgary,Computer Science,Master,2.0,24100,62.8,1300,235,600,1.35,56735.0
Canada,Hamilton,McMaster University,Computer Science,Bachelor,4.0,36500,64.2,1250,235,600,1.35,99135.0
Canada,Hamilton,McMaster University,Computer Science,Master,2.0,23800,64.2,1250,235,600,1.35,55235.0
Canada,London,Western University,Computer Science,Bachelor,4.0,35900,61.5,1200,235,600,1.35,96135.0
Canada,London,Western University,Computer Science,Master,2.0,23500,61.5,1200,235,600,1.35,53735.0
Canada,Kingston,Queen's University,Computer Science,Bachelor,4.0,35400,62.1,1300,235,600,1.35,100435.0
Canada,Kingston,Queen's University,Computer Science,Master,2.0,23200,62.1,1300,235,600,1.35,55835.0
Canada,Victoria,University of Victoria,Computer Science,Bachelor,4.0,34800,64.8,1400,235,600,1.35,104635.0
Canada,Victoria,University of Victoria,Computer Science,Master,2.0,22900,64.8,1400,235,600,1.35,57935.0
Canada,Halifax,Dalhousie University,Computer Science,Bachelor,4.0,34200,61.2,1200,235,600,1.35,94435.0
Canada,Halifax,Dalhousie University,Computer Science,Master,2.0,22600,61.2,1200,235,600,1.35,52835.0
Canada,Winnipeg,University of Manitoba,Computer Science,Bachelor,4.0,33600,59.8,1100,235,600,1.35,89035.0
Canada,Winnipeg,University of Manitoba,Computer Science,Master,2.0,22300,59.8,1100,235,600,1.35,50135.0
Canada,Quebec City,Laval University,Computer Science,Bachelor,4.0,33000,58.5,1000,235,600,1.35,83635.0
Canada,Quebec City,Laval University,Computer Science,Master,2.0,22000,58.5,1000,235,600,1.35,47435.0
Canada,Saskatoon,University of Saskatchewan,Computer Science,Bachelor,4.0,32400,58.2,950,235,600,1.35,80635.0
Canada,Saskatoon,University of Saskatchewan,Computer Science,Master,2.0,21700,58.2,950,235,600,1.35,45935.0
Canada,St. John's,Memorial University,Computer Science,Bachelor,4.0,31800,57.9,900,235,600,1.35,77635.0
Canada,St. John's,Memorial University,Computer Science,Master,2.0,21400,57.9,900,235,600,1.35,44435.0
Canada,Regina,University of Regina,Computer Science,Bachelor,4.0,31200,57.5,900,235,600,1.35,77035.0
Canada,Regina,University of Regina,Computer Science,Master,2.0,21100,57.5,900,235,600,1.35,44135.0
Canada,Sherbrooke,University of Sherbrooke,Computer Science,Bachelor,4.0,30600,56.8,850,235,600,1.35,74035.0
Canada,Sherbrooke,University of Sherbrooke,Computer Science,Master,2.0,20800,56.8,850,235,600,1.35,42635.0
Canada,Windsor,University of Windsor,Computer Science,Bachelor,4.0,30000,58.9,950,235,600,1.35,78235.0
Canada,Windsor,University of Windsor,Computer Science,Master,2.0,20500,58.9,950,235,600,1.35,44735.0
Canada,Moncton,University of New Brunswick,Computer Science,Bachelor,4.0,29400,57.2,900,235,600,1.35,75235.0
Canada,Moncton,University of New Brunswick,Computer Science,Master,2.0,20200,57.2,900,235,600,1.35,43235.0
Canada,Trois-Rivieres,UQTR,Computer Science,Bachelor,4.0,28800,56.5,850,235,600,1.35,72235.0
Canada,Trois-Rivieres,UQTR,Computer Science,Master,2.0,19900,56.5,850,235,600,1.35,41735.0
Canada,Thunder Bay,Lakehead University,Computer Science,Bachelor,4.0,28200,56.2,800,235,600,1.35,69235.0
Canada,Thunder Bay,Lakehead University,Computer Science,Master,2.0,19600,56.2,800,235,600,1.35,40235.0
Canada,Sudbury,Laurentian University,Computer Science,Bachelor,4.0,27600,55.8,800,235,600,1.35,68635.0
Canada,Sudbury,Laurentian University,Computer Science,Master,2.0,19300,55.8,800,235,600,1.35,39935.0
Canada,Prince George,UNBC,Computer Science,Bachelor,4.0,27000,55.5,750,235,600,1.35,65635.0
Canada,Prince George,UNBC,Computer Science,Master,2.0,19000,55.5,750,235,600,1.35,38435.0
Australia,Melbourne,University of Melbourne,Computer Science,Bachelor,3.0,42500,72.8,1800,450,650,1.52,109700.0
Australia,Melbourne,University of Melbourne,Computer Science,Master,2.0,45800,72.8,1800,450,650,1.52,90750.0
Australia,Melbourne,University of Melbourne,Computer Science,PhD,4.0,35000,72.8,1800,450,650,1.52,124450.0
Australia,Sydney,University of Sydney,Computer Science,Bachelor,3.0,41800,74.5,2000,450,650,1.52,116200.0
Australia,Sydney,University of Sydney,Computer Science,Master,2.0,44900,74.5,2000,450,650,1.52,94650.0
Australia,Sydney,University of Sydney,Computer Science,PhD,4.0,34500,74.5,2000,450,650,1.52,133550.0
Australia,Canberra,Australian National University,Computer Science,Bachelor,3.0,41200,68.9,1600,450,650,1.52,101200.0
Australia,Canberra,Australian National University,Computer Science,Master,2.0,44200,68.9,1600,450,650,1.52,84350.0
Australia,Canberra,Australian National University,Computer Science,PhD,4.0,34000,68.9,1600,450,650,1.52,113850.0
Australia,Brisbane,University of Queensland,Computer Science,Bachelor,3.0,40500,69.2,1500,450,650,1.52,96900.0
Australia,Brisbane,University of Queensland,Computer Science,Master,2.0,43500,69.2,1500,450,650,1.52,81250.0
Australia,Brisbane,University of Queensland,Computer Science,PhD,4.0,33500,69.2,1500,450,650,1.52,108550.0
Australia,Sydney,University of New South Wales,Computer Science,Bachelor,3.0,40200,74.5,1900,450,650,1.52,111000.0
Australia,Sydney,University of New South Wales,Computer Science,Master,2.0,43200,74.5,1900,450,650,1.52,90550.0
Australia,Sydney,University of New South Wales,Computer Science,PhD,4.0,33200,74.5,1900,450,650,1.52,127450.0
Australia,Melbourne,Monash University,Computer Science,Bachelor,3.0,39800,72.8,1700,450,650,1.52,103400.0
Australia,Melbourne,Monash University,Computer Science,Master,2.0,42800,72.8,1700,450,650,1.52,85350.0
Australia,Melbourne,Monash University,Computer Science,PhD,4.0,32800,72.8,1700,450,650,1.52,117450.0
Australia,Adelaide,University of Adelaide,Computer Science,Bachelor,3.0,39200,67.5,1400,450,650,1.52,92000.0
Australia,Adelaide,University of Adelaide,Computer Science,Master,2.0,42200,67.5,1400,450,650,1.52,77550.0
Australia,Adelaide,University of Adelaide,Computer Science,PhD,4.0,32200,67.5,1400,450,650,1.52,102450.0
Australia,Perth,University of Western Australia,Computer Science,Bachelor,3.0,38800,68.2,1500,450,650,1.52,95200.0
Australia,Perth,University of Western Australia,Computer Science,Master,2.0,41800,68.2,1500,450,650,1.52,79550.0
Australia,Perth,University of Western Australia,Computer Science,PhD,4.0,31800,68.2,1500,450,650,1.52,106850.0
Australia,Brisbane,Queensland University of Technology,Computer Science,Bachelor,3.0,38200,69.2,1400,450,650,1.52,91000.0
Australia,Brisbane,Queensland University of Technology,Computer Science,Master,2.0,41200,69.2,1400,450,650,1.52,76550.0
Australia,Brisbane,Queensland University of Technology,Computer Science,PhD,4.0,31200,69.2,1400,450,650,1.52,101450.0
Australia,Sydney,University of Technology Sydney,Computer Science,Bachelor,3.0,37800,74.5,1800,450,650,1.52,105000.0
Australia,Sydney,University of Technology Sydney,Computer Science,Master,2.0,40800,74.5,1800,450,650,1.52,85750.0
Australia,Sydney,University of Technology Sydney,Computer Science,PhD,4.0,30800,74.5,1800,450,650,1.52,120250.0
Australia,Melbourne,RMIT University,Computer Science,Bachelor,3.0,37200,72.8,1600,450,650,1.52,97200.0
Australia,Melbourne,RMIT University,Computer Science,Master,2.0,40200,72.8,1600,450,650,1.52,80350.0
Australia,Melbourne,RMIT University,Computer Science,PhD,4.0,30200,72.8,1600,450,650,1.52,110050.0
Australia,Wollongong,University of Wollongong,Computer Science,Bachelor,3.0,36800,65.8,1300,450,650,1.52,86000.0
Australia,Wollongong,University of Wollongong,Computer Science,Master,2.0,39800,65.8,1300,450,650,1.52,72750.0
Australia,Wollongong,University of Wollongong,Computer Science,PhD,4.0,29800,65.8,1300,450,650,1.52,95250.0
Australia,Newcastle,University of Newcastle,Computer Science,Bachelor,3.0,36200,66.2,1300,450,650,1.52,85400.0
Australia,Newcastle,University of Newcastle,Computer Science,Master,2.0,39200,66.2,1300,450,650,1.52,72150.0
Australia,Newcastle,University of Newcastle,Computer Science,PhD,4.0,29200,66.2,1300,450,650,1.52,94650.0
Australia,Hobart,University of Tasmania,Computer Science,Bachelor,3.0,35800,64.5,1200,450,650,1.52,81400.0
Australia,Hobart,University of Tasmania,Computer Science,Master,2.0,38800,64.5,1200,450,650,1.52,69350.0
Australia,Hobart,University of Tasmania,Computer Science,PhD,4.0,28800,64.5,1200,450,650,1.52,89450.0
Australia,Gold Coast,Griffith University,Computer Science,Bachelor,3.0,35200,68.5,1400,450,650,1.52,88000.0
Australia,Gold Coast,Griffith University,Computer Science,Master,2.0,38200,68.5,1400,450,650,1.52,73550.0
Australia,Gold Coast,Griffith University,Computer Science,PhD,4.0,28200,68.5,1400,450,650,1.52,98450.0
Australia,Canberra,University of Canberra,Computer Science,Bachelor,3.0,34800,68.9,1500,450,650,1.52,91200.0
Australia,Canberra,University of Canberra,Computer Science,Master,2.0,37800,68.9,1500,450,650,1.52,75550.0
Australia,Canberra,University of Canberra,Computer Science,PhD,4.0,27800,68.9,1500,450,650,1.52,102850.0
Australia,Townsville,James Cook University,Computer Science,Bachelor,3.0,34200,65.2,1200,450,650,1.52,79800.0
Australia,Townsville,James Cook University,Computer Science,Master,2.0,37200,65.2,1200,450,650,1.52,67750.0
Australia,Townsville,James Cook University,Computer Science,PhD,4.0,27200,65.2,1200,450,650,1.52,87850.0
Australia,Armidale,University of New England,Computer Science,Bachelor,3.0,33800,63.8,1100,450,650,1.52,75800.0
Australia,Armidale,University of New England,Computer Science,Master,2.0,36800,63.8,1100,450,650,1.52,64950.0
Australia,Armidale,University of New England,Computer Science,PhD,4.0,26800,63.8,1100,450,650,1.52,82650.0
Australia,Toowoomba,University of Southern Queensland,Computer Science,Bachelor,3.0,33200,64.2,1100,450,650,1.52,75200.0
Australia,Toowoomba,University of Southern Queensland,Computer Science,Master,2.0,36200,64.2,1100,450,650,1.52,64350.0
Australia,Toowoomba,University of Southern Queensland,Computer Science,PhD,4.0,26200,64.2,1100,450,650,1.52,82050.0
Australia,Ballarat,Federation University,Computer Science,Bachelor,3.0,32800,63.5,1000,450,650,1.52,71200.0
Australia,Ballarat,Federation University,Computer Science,Master,2.0,35800,63.5,1000,450,650,1.52,61550.0
Australia,Ballarat,Federation University,Computer Science,PhD,4.0,25800,63.5,1000,450,650,1.52,76850.0
Australia,Lismore,Southern Cross University,Computer Science,Bachelor,3.0,32200,63.2,1000,450,650,1.52,70600.0
Australia,Lismore,Southern Cross University,Computer Science,Master,2.0,35200,63.2,1000,450,650,1.52,60950.0
Australia,Lismore,Southern Cross University,Computer Science,PhD,4.0,25200,63.2,1000,450,650,1.52,76250.0
USA,Boston,MIT,Computer Science,Master,2.0,58000,82.1,2100,160,1500,1.0,111560.0
UK,London,Imperial College London,Data Science,Master,1.0,42000,75.3,1800,485,800,0.79,64885.0
Germany,Munich,TU Munich,Mechanical Engineering,Master,2.0,0,71.5,1200,110,900,0.92,30710.0
Canada,Toronto,University of Toronto,Business Analytics,Master,2.0,45000,73.8,1700,235,750,1.35,87535.0
Australia,Melbourne,University of Melbourne,Artificial Intelligence,PhD,4.0,29000,72.4,1500,450,650,1.52,104050.0
USA,Stanford,Stanford University,Physics,PhD,5.0,52000,84.3,2300,160,1500,1.0,197660.0
UK,Edinburgh,University of Edinburgh,Chemistry,Master,2.0,38000,67.8,1100,485,800,0.79,66485.0
Germany,Berlin,Humboldt University,Computer Science,Bachelor,3.0,0,68.9,950,110,900,0.92,37010.0
Canada,Vancouver,University of British Columbia,Environmental Science,Master,2.0,42000,71.2,1600,235,750,1.35,82135.0
Australia,Sydney,University of Sydney,Biotechnology,PhD,4.0,31000,75.6,1700,450,650,1.52,115650.0
USA,Berkeley,UC Berkeley,Mathematics,Master,2.0,54000,83.2,2000,160,1500,1.0,105160.0
UK,Manchester,University of Manchester,Engineering,Bachelor,3.0,35000,65.4,900,485,800,0.79,70285.0
Germany,Hamburg,University of Hamburg,Physics,Master,2.0,0,69.8,1100,110,900,0.92,28310.0
Canada,Montreal,McGill University,Computer Science,PhD,4.0,38000,68.9,1400,235,750,1.35,108435.0
Australia,Brisbane,University of Queensland,Data Science,Master,2.0,32000,68.7,1200,450,650,1.52,62550.0
USA,New York,Columbia University,Economics,Master,2.0,62000,100.0,2500,160,1500,1.0,125160.0
UK,Oxford,University of Oxford,Computer Science,PhD,4.0,40000,71.5,1400,485,800,0.79,110885.0
Germany,Dresden,TU Dresden,Mechanical Engineering,Bachelor,3.0,0,65.4,800,110,900,0.92,31610.0
Canada,Ottawa,University of Ottawa,Artificial Intelligence,Master,2.0,40000,67.8,1300,235,750,1.35,72935.0
Australia,Perth,University of Western Australia,Physics,Master,2.0,30000,67.2,1100,450,650,1.52,58150.0
USA,Atlanta,Georgia Tech,Engineering,PhD,5.0,48000,71.2,1700,160,1500,1.0,157660.0
UK,Bristol,University of Bristol,Data Science,Master,2.0,36000,68.9,1200,485,800,0.79,66885.0
Germany,Frankfurt,Goethe University,Computer Science,Master,2.0,0,72.3,1300,110,900,0.92,33110.0
Canada,Calgary,University of Calgary,Mathematics,Bachelor,4.0,35000,65.4,1200,235,750,1.35,95835.0
Australia,Adelaide,University of Adelaide,Chemistry,PhD,4.0,28000,64.5,1000,450,650,1.52,79050.0
USA,Los Angeles,UCLA,Computer Science,Master,2.0,52000,79.8,2200,160,1500,1.0,107960.0
UK,Glasgow,University of Glasgow,Physics,Bachelor,3.0,34000,64.5,950,485,800,0.79,71085.0
Germany,Stuttgart,University of Stuttgart,Engineering,Master,2.0,0,68.7,1100,110,900,0.92,28310.0
Canada,Edmonton,University of Alberta,Data Science,Master,2.0,37000,64.3,1100,235,750,1.35,65135.0
Australia,Canberra,Australian National University,Computer Science,PhD,4.0,33000,69.8,1300,450,650,1.52,98450.0
USA,Austin,UT Austin,Mathematics,Master,2.0,45000,68.9,1600,160,1500,1.0,86560.0
UK,Leeds,University of Leeds,Chemistry,PhD,4.0,35000,63.2,900,485,800,0.79,81885.0
Germany,Heidelberg,Heidelberg University,Physics,Bachelor,3.0,0,67.8,1000,110,900,0.92,38810.0
Canada,Halifax,Dalhousie University,Engineering,Master,2.0,36000,63.4,1000,235,750,1.35,61735.0
Australia,Gold Coast,Griffith University,Data Science,Master,2.0,29000,65.4,1100,450,650,1.52,57150.0
USA,Seattle,University of Washington,Computer Science,PhD,5.0,50000,77.8,2000,160,1500,1.0,177660.0
UK,Sheffield,University of Sheffield,Engineering,Master,2.0,33000,62.3,850,485,800,0.79,55485.0
Germany,Cologne,University of Cologne,Mathematics,Master,2.0,0,69.8,1200,110,900,0.92,30710.0
Canada,Quebec City,Laval University,Physics,Bachelor,3.0,34000,62.1,900,235,750,1.35,68885.0
Australia,Newcastle,University of Newcastle,Chemistry,Master,2.0,27000,63.2,950,450,650,1.52,51550.0
USA,Pittsburgh,Carnegie Mellon,Data Science,Master,2.0,56000,65.4,1500,160,1500,1.0,95160.0
UK,Nottingham,University of Nottingham,Computer Science,PhD,4.0,34000,61.2,800,485,800,0.79,76085.0
Germany,Bonn,University of Bonn,Engineering,Master,2.0,0,67.8,1100,110,900,0.92,28310.0
Canada,Victoria,University of Victoria,Mathematics,Master,2.0,35000,64.5,1100,235,750,1.35,63135.0
Australia,Hobart,University of Tasmania,Physics,Bachelor,3.0,26000,62.1,900,450,650,1.52,60800.0
USA,San Diego,UC San Diego,Chemistry,PhD,5.0,49000,75.6,1900,160,1500,1.0,170660.0
UK,Durham,Durham University,Engineering,Master,2.0,35000,63.4,900,485,800,0.79,58685.0
Germany,Aachen,RWTH Aachen,Computer Science,Bachelor,3.0,0,68.9,1000,110,900,0.92,38810.0
Canada,Winnipeg,University of Manitoba,Data Science,Master,2.0,33000,61.2,900,235,750,1.35,56335.0
Australia,Wollongong,University of Wollongong,Mathematics,PhD,4.0,28000,63.4,950,450,650,1.52,76650.0
USA,San Francisco,UC Berkeley Extension,Data Science,Master,2.0,52000,95.2,2400,160,1500,1.0,112760.0
UK,London,King's College London,Computer Science,Master,1.0,39000,75.3,1900,485,800,0.79,63085.0
Switzerland,Zurich,ETH Zurich,Computer Science,Master,2.0,1500,122.4,2000,140,1200,0.89,52040.0
France,Paris,Sorbonne University,Data Analytics,Master,2.0,4500,84.3,1800,99,850,0.92,49499.0
Ireland,Dublin,Trinity College Dublin,Computer Science,PhD,4.0,18900,83.6,1700,150,750,0.92,103650.0
USA,Chicago,University of Chicago,Data Science,Master,2.0,58000,84.1,1900,160,1500,1.0,106760.0
UK,Cambridge,Anglia Ruskin University,Data Analytics,Bachelor,3.0,35000,71.2,1500,485,800,0.79,91885.0
Switzerland,Lausanne,EPFL,Computer Science,PhD,4.0,1500,119.8,1900,140,1200,0.89,97640.0
France,Lyon,University of Lyon,Data Science,Master,2.0,4200,75.6,1200,99,850,0.92,34799.0
Ireland,Cork,University College Cork,Computer Science,Master,2.0,16800,75.4,1300,150,750,0.92,49650.0
USA,Boston,Northeastern University,Data Analytics,Master,2.0,54000,82.1,2200,160,1500,1.0,109960.0
UK,Edinburgh,Heriot-Watt University,Computer Science,Master,1.0,37000,67.8,1200,485,800,0.79,52685.0
Switzerland,Geneva,University of Geneva,Data Science,Master,2.0,1500,116.5,1800,140,1200,0.89,47240.0
France,Toulouse,University of Toulouse,Computer Science,Bachelor,3.0,4000,71.2,900,99,850,0.92,39049.0
Ireland,Galway,NUI Galway,Data Analytics,Master,2.0,15900,72.3,1100,150,750,0.92,43950.0
USA,Seattle,University of Washington,Data Science,PhD,4.0,51000,77.8,2100,160,1500,1.0,157960.0
UK,Birmingham,University of Birmingham,Computer Science,Master,1.0,36000,65.4,1100,485,800,0.79,50485.0
Switzerland,Basel,University of Basel,Data Science,Master,2.0,1500,114.3,1700,140,1200,0.89,44840.0
France,Bordeaux,University of Bordeaux,Data Analytics,Master,2.0,4300,72.1,1000,99,850,0.92,30099.0
Ireland,Limerick,University of Limerick,Computer Science,Bachelor,4.0,15400,71.2,1000,150,750,0.92,66550.0
USA,Austin,UT Austin,Computer Science,Master,2.0,49000,68.9,1800,160,1500,1.0,95360.0
UK,Manchester,University of Salford,Data Science,Master,1.0,35000,65.4,1000,485,800,0.79,48285.0
Switzerland,St. Gallen,University of St. Gallen,Data Analytics,Master,2.0,1500,112.1,1600,140,1200,0.89,42440.0
France,Nice,University of Nice,Computer Science,Master,2.0,4100,76.5,1300,99,850,0.92,37099.0
Ireland,Maynooth,Maynooth University,Data Science,PhD,4.0,14900,70.1,950,150,750,0.92,63650.0
USA,Denver,University of Denver,Data Analytics,Master,2.0,47000,69.8,1700,160,1500,1.0,90960.0
UK,Leeds,Leeds Beckett University,Computer Science,Bachelor,3.0,34000,63.2,900,485,800,0.79,69285.0
Switzerland,Bern,University of Bern,Data Science,Master,2.0,1500,110.4,1500,140,1200,0.89,40040.0
France,Lille,University of Lille,Data Analytics,PhD,4.0,4200,69.8,950,99,850,0.92,53299.0
Ireland,Waterford,Waterford IT,Computer Science,Master,2.0,14500,68.9,900,150,750,0.92,37750.0
USA,Portland,Portland State University,Data Science,Master,2.0,45000,71.2,1600,160,1500,1.0,86560.0
UK,Bristol,UWE Bristol,Computer Science,Master,1.0,33000,68.9,1100,485,800,0.79,47485.0
Switzerland,Lugano,USI Lugano,Data Analytics,Master,2.0,1500,108.9,1400,140,1200,0.89,37640.0
France,Strasbourg,University of Strasbourg,Computer Science,Master,2.0,4000,70.2,1000,99,850,0.92,29799.0
Ireland,Sligo,IT Sligo,Data Science,Bachelor,4.0,14000,67.5,850,150,750,0.92,57950.0
USA,Minneapolis,University of Minnesota,Computer Science,PhD,4.0,48000,72.3,1700,160,1500,1.0,135760.0
UK,Cardiff,Cardiff University,Data Analytics,Master,1.0,34000,64.5,950,485,800,0.79,46685.0
Switzerland,Fribourg,University of Fribourg,Computer Science,Master,2.0,1500,107.8,1300,140,1200,0.89,35240.0
France,Grenoble,Grenoble INP,Data Science,Master,2.0,4100,71.5,1100,99,850,0.92,32299.0
Ireland,Athlone,Athlone IT,Data Analytics,Master,2.0,13800,66.7,800,150,750,0.92,34650.0
Norway,Oslo,University of Oslo,Computer Science,Master,2.0,0,83.2,1400,275,700,10.45,35275.0
Finland,Helsinki,University of Helsinki,Data Science,Master,2.0,0,79.4,1200,350,650,0.92,30450.0
Germany,Berlin,Technical University Berlin,Mechanical Engineering,Master,2.0,0,68.9,1100,110,900,0.92,28310.0
Denmark,Copenhagen,University of Copenhagen,Physics,PhD,4.0,0,82.1,1500,450,800,7.45,75650.0
Norway,Trondheim,NTNU,Robotics,Master,2.0,0,75.6,1100,275,700,10.45,28075.0
Finland,Espoo,Aalto University,Computer Engineering,Bachelor,3.0,0,77.8,1000,350,650,0.92,38300.0
Germany,Munich,LMU Munich,Mathematics,PhD,4.0,0,71.5,1300,110,900,0.92,66110.0
Denmark,Aarhus,Aarhus University,Data Analytics,Master,2.0,0,76.5,1200,450,800,7.45,30850.0
Norway,Bergen,University of Bergen,Artificial Intelligence,Master,2.0,0,74.3,1200,275,700,10.45,30475.0
Finland,Tampere,Tampere University,Software Engineering,Master,2.0,0,72.1,900,350,650,0.92,23250.0
Germany,Dresden,TU Dresden,Computer Science,Bachelor,3.0,0,65.4,900,110,900,0.92,35210.0
Denmark,Odense,University of Southern Denmark,Biotechnology,Master,2.0,0,73.2,1100,450,800,7.45,28450.0
Norway,Tromsø,UiT Arctic University,Marine Technology,PhD,4.0,0,71.2,1000,275,700,10.45,51075.0
Finland,Turku,University of Turku,Bioinformatics,Master,2.0,0,71.8,850,350,650,0.92,22050.0
Germany,Hamburg,TU Hamburg,Electrical Engineering,Master,2.0,0,69.8,1200,110,900,0.92,30710.0
Denmark,Aalborg,Aalborg University,Energy Engineering,Bachelor,3.0,0,71.5,1000,450,800,7.45,38850.0
Norway,Stavanger,University of Stavanger,Petroleum Engineering,Master,2.0,0,72.4,1100,275,700,10.45,28075.0
Finland,Oulu,University of Oulu,Computer Science,PhD,4.0,0,70.2,800,350,650,0.92,41350.0
Germany,Stuttgart,University of Stuttgart,Aerospace Engineering,Master,2.0,0,68.7,1100,110,900,0.92,28310.0
Denmark,Roskilde,Roskilde University,Environmental Science,Master,2.0,0,70.8,1000,450,800,7.45,26050.0
Norway,Ås,Norwegian University of Life Sciences,Biotechnology,Master,2.0,0,70.5,900,275,700,10.45,23275.0
Finland,Vaasa,University of Vaasa,Industrial Management,Master,2.0,0,69.8,800,350,650,0.92,20850.0
Germany,Karlsruhe,KIT,Mechatronics,PhD,4.0,0,67.9,1000,110,900,0.92,51710.0
Denmark,Lyngby,Technical University of Denmark,Quantum Engineering,Master,2.0,0,81.2,1400,450,800,7.45,35650.0
Norway,Bodø,Nord University,Marine Biology,Bachelor,3.0,0,69.4,850,275,700,10.45,32975.0
Finland,Jyväskylä,University of Jyväskylä,Data Science,Master,2.0,0,68.7,750,350,650,0.92,19650.0
Germany,Darmstadt,TU Darmstadt,Computer Engineering,Master,2.0,0,66.8,950,110,900,0.92,24710.0
Denmark,Kolding,University of Southern Denmark,Software Engineering,PhD,4.0,0,69.5,900,450,800,7.45,46850.0
Norway,Gjøvik,NTNU Gjøvik,Information Security,Master,2.0,0,68.9,800,275,700,10.45,20875.0
Finland,Lappeenranta,LUT University,Industrial Engineering,Master,2.0,0,67.5,700,350,650,0.92,18450.0
Germany,Bremen,University of Bremen,Robotics,Master,2.0,0,66.5,900,110,900,0.92,23510.0
Denmark,Esbjerg,University of Southern Denmark,Environmental Engineering,Master,2.0,0,68.4,850,450,800,7.45,22450.0
Norway,Kristiansand,University of Agder,Renewable Energy,PhD,4.0,0,67.8,850,275,700,10.45,43875.0
Finland,Kuopio,University of Eastern Finland,Environmental Science,Bachelor,3.0,0,66.9,700,350,650,0.92,27500.0
Germany,Aachen,RWTH Aachen,Materials Science,Master,2.0,0,68.9,1000,110,900,0.92,25910.0
Denmark,Slagelse,University of Copenhagen,Bioinformatics,Master,2.0,0,67.5,900,450,800,7.45,23650.0
Norway,Horten,University of South-Eastern Norway,Systems Engineering,Master,2.0,0,66.7,800,275,700,10.45,20875.0
Finland,Joensuu,University of Eastern Finland,Forestry Sciences,PhD,4.0,0,65.8,650,350,650,0.92,34150.0
Germany,Jena,University of Jena,Photonics,Master,2.0,0,65.4,850,110,900,0.92,22310.0
Denmark,Herning,Aarhus University,Engineering Management,Master,2.0,0,66.2,800,450,800,7.45,21250.0
New Zealand,Auckland,University of Auckland,Computer Science,Master,2.0,32000,79.5,1200,330,600,1.65,62330.0
USA,Boston,Northeastern University,Data Science,Master,2.0,54000,82.1,2000,160,1500,1.0,105160.0
Sweden,Stockholm,KTH Royal Institute,Engineering Physics,Master,2.0,0,78.4,1100,120,750,10.45,28020.0
Netherlands,Amsterdam,University of Amsterdam,Artificial Intelligence,PhD,4.0,15000,81.2,1300,171,720,0.92,80451.0
Portugal,Lisbon,University of Lisbon,Computer Engineering,Master,2.0,7000,65.8,800,75,400,0.92,27075.0
New Zealand,Wellington,Victoria University,Data Analytics,Master,2.0,30000,75.6,1100,330,600,1.65,57930.0
USA,Austin,UT Austin,Robotics,PhD,5.0,48000,68.9,1600,160,1500,1.0,151660.0
Sweden,Uppsala,Uppsala University,Mathematics,Bachelor,3.0,0,72.3,900,120,750,10.45,34770.0
Netherlands,Rotterdam,Erasmus University,Business Analytics,Master,2.0,14500,77.8,1200,171,720,0.92,44911.0
Portugal,Porto,University of Porto,Software Engineering,Master,2.0,6500,62.4,700,75,400,0.92,24175.0
New Zealand,Christchurch,University of Canterbury,Mechanical Engineering,PhD,4.0,31000,72.4,950,330,600,1.65,79330.0
USA,San Diego,UC San Diego,Biotechnology,Master,2.0,49000,75.6,1900,160,1500,1.0,97760.0
Sweden,Gothenburg,Chalmers University,Sustainable Energy,Master,2.0,0,71.2,950,120,750,10.45,24420.0
Netherlands,Delft,TU Delft,Computer Science,Master,2.0,15500,76.5,1100,171,720,0.92,43511.0
Portugal,Coimbra,University of Coimbra,Data Science,Bachelor,3.0,6000,58.9,600,75,400,0.92,28875.0
New Zealand,Dunedin,University of Otago,Information Systems,Master,2.0,29000,70.2,900,330,600,1.65,52130.0
USA,Seattle,University of Washington,Computer Engineering,Master,2.0,51000,77.8,2100,160,1500,1.0,104560.0
Sweden,Lund,Lund University,Physics,PhD,4.0,0,73.4,1000,120,750,10.45,51120.0
Netherlands,Eindhoven,TU Eindhoven,Artificial Intelligence,Master,2.0,14800,72.3,950,171,720,0.92,39211.0
Portugal,Braga,University of Minho,Computer Science,Master,2.0,6200,57.8,550,75,400,0.92,20275.0
New Zealand,Hamilton,University of Waikato,Environmental Science,Master,2.0,28500,68.9,850,330,600,1.65,50430.0
USA,Atlanta,Georgia Tech,Machine Learning,PhD,5.0,48000,71.2,1700,160,1500,1.0,157660.0
Sweden,Linköping,Linköping University,Computer Science,Master,2.0,0,69.8,850,120,750,10.45,22020.0
Netherlands,Utrecht,Utrecht University,Data Science,Bachelor,3.0,13900,75.4,1100,171,720,0.92,55831.0
Portugal,Aveiro,University of Aveiro,Robotics,PhD,4.0,6800,56.7,500,75,400,0.92,32475.0
New Zealand,Palmerston North,Massey University,Computer Engineering,Bachelor,3.0,27500,67.5,800,330,600,1.65,58430.0
USA,Pittsburgh,Carnegie Mellon,Software Engineering,Master,2.0,56000,65.4,1500,160,1500,1.0,95160.0
Sweden,Umeå,Umeå University,Artificial Intelligence,Master,2.0,0,68.5,800,120,750,10.45,20820.0
Netherlands,Groningen,University of Groningen,Computing Science,PhD,4.0,14200,71.2,900,171,720,0.92,60451.0
Portugal,Faro,University of Algarve,Information Systems,Master,2.0,5900,55.4,480,75,400,0.92,18295.0
New Zealand,Auckland,AUT University,Data Analytics,Master,2.0,29500,79.5,1150,330,600,1.65,58630.0
USA,Raleigh,NC State University,Computer Science,Master,2.0,47000,67.8,1400,160,1500,1.0,83760.0
Sweden,Karlstad,Karlstad University,Information Systems,Bachelor,3.0,0,67.2,750,120,750,10.45,29370.0
Netherlands,Tilburg,Tilburg University,Data Science,Master,2.0,14000,70.5,950,171,720,0.92,38411.0
Portugal,Vila Real,UTAD,Computer Engineering,Master,2.0,5700,54.3,450,75,400,0.92,17375.0
New Zealand,Christchurch,Lincoln University,Environmental Computing,PhD,4.0,28000,72.4,900,330,600,1.65,73930.0
USA,Davis,UC Davis,Data Science,Master,2.0,48000,73.2,1600,160,1500,1.0,89560.0
Sweden,Växjö,Linnaeus University,Software Engineering,Master,2.0,0,66.5,700,120,750,10.45,18420.0
Netherlands,Wageningen,Wageningen University,Bioinformatics,Master,2.0,14500,69.8,900,171,720,0.92,37711.0
Portugal,Funchal,University of Madeira,Computing,Bachelor,3.0,5500,53.2,400,75,400,0.92,21175.0
Spain,Madrid,Universidad Politécnica de Madrid,Computer Science,Master,2.0,3500,71.4,1100,80,750,0.92,31480.0
Italy,Milan,Politecnico di Milano,Data Engineering,Master,2.0,4000,73.2,1200,120,700,0.92,34320.0
Greece,Athens,National Technical University,Electrical Engineering,PhD,4.0,0,65.8,650,100,600,0.92,33700.0
Austria,Vienna,TU Wien,Software Engineering,Master,2.0,1500,78.5,950,160,850,0.92,26160.0
Mexico,Mexico City,UNAM,Computer Engineering,Bachelor,4.0,800,52.4,600,40,400,17.05,31240.0
Spain,Barcelona,Universitat Politècnica Catalunya,Artificial Intelligence,Master,2.0,3800,73.6,1000,80,750,0.92,29380.0
Italy,Rome,Sapienza University,Robotics,PhD,4.0,3500,71.2,1100,120,700,0.92,59220.0
Greece,Thessaloniki,Aristotle University,Computer Engineering,Master,2.0,0,62.4,500,100,600,0.92,13300.0
Austria,Graz,TU Graz,Mechanical Engineering,Bachelor,3.0,1500,71.2,750,160,850,0.92,31210.0
Mexico,Monterrey,Tecnológico de Monterrey,Data Science,Master,2.0,12000,48.9,700,40,400,17.05,29640.0
Spain,Valencia,Universitat de València,Data Science,Master,2.0,3200,68.5,800,80,750,0.92,23980.0
Italy,Turin,Politecnico di Torino,Computer Engineering,Master,2.0,3800,69.8,900,120,700,0.92,26920.0
Greece,Patras,University of Patras,Electronics,PhD,4.0,0,60.5,450,100,600,0.92,24100.0
Austria,Linz,Johannes Kepler University,Artificial Intelligence,Master,2.0,1500,70.4,700,160,850,0.92,20160.0
Mexico,Guadalajara,Universidad de Guadalajara,Software Engineering,Bachelor,4.0,900,45.6,500,40,400,17.05,26540.0
Spain,Seville,Universidad de Sevilla,Robotics,Master,2.0,3000,65.4,750,80,750,0.92,22580.0
Italy,Bologna,University of Bologna,Information Technology,PhD,4.0,3600,70.5,950,120,700,0.92,52120.0
Greece,Heraklion,University of Crete,Computer Science,Master,2.0,0,61.2,480,100,600,0.92,12820.0
Austria,Salzburg,University of Salzburg,Data Analytics,Bachelor,3.0,1500,72.3,800,160,850,0.92,33010.0
Mexico,Puebla,UDLAP,Computer Engineering,Master,2.0,10000,44.5,450,40,400,17.05,21640.0
Spain,Bilbao,University of the Basque Country,Computer Science,PhD,4.0,3400,67.8,850,80,750,0.92,47280.0
Italy,Florence,University of Florence,Cybersecurity,Master,2.0,3500,71.2,1000,120,700,0.92,29020.0
Greece,Volos,University of Thessaly,Digital Systems,Master,2.0,0,59.8,400,100,600,0.92,10900.0
Austria,Innsbruck,University of Innsbruck,Mechatronics,Master,2.0,1500,71.5,780,160,850,0.92,22080.0
Mexico,Queretaro,Tecnologico de Monterrey,Data Analytics,Bachelor,4.0,11000,46.7,480,40,400,17.05,35680.0
Spain,Granada,University of Granada,Artificial Intelligence,Master,2.0,2800,64.5,700,80,750,0.92,21180.0
Italy,Naples,University of Naples,Software Engineering,PhD,4.0,3200,67.8,800,120,700,0.92,44520.0
Greece,Ioannina,University of Ioannina,Information Systems,Bachelor,4.0,0,58.9,380,100,600,0.92,20740.0
Austria,Klagenfurt,University of Klagenfurt,Data Science,Master,2.0,1500,69.4,720,160,850,0.92,20640.0
Mexico,Merida,Universidad Autonoma de Yucatan,Computer Engineering,Master,2.0,3500,43.2,400,40,400,17.05,13940.0
Spain,Zaragoza,University of Zaragoza,Robotics,Master,2.0,2900,63.2,650,80,750,0.92,20080.0
Italy,Pisa,University of Pisa,Computer Engineering,Master,2.0,3300,68.9,850,120,700,0.92,25220.0
Greece,Rhodes,University of the Aegean,Digital Innovation,Master,2.0,0,61.2,420,100,600,0.92,11380.0
Austria,Leoben,Montanuniversität Leoben,Industrial Engineering,PhD,4.0,1500,68.7,700,160,850,0.92,38660.0
Mexico,Tijuana,CETYS Universidad,Information Technology,Bachelor,4.0,9500,45.4,550,40,400,17.05,37540.0
Spain,Salamanca,University of Salamanca,Data Science,PhD,4.0,3100,62.1,600,80,750,0.92,34980.0
Italy,Padua,University of Padua,Artificial Intelligence,Master,2.0,3400,69.5,900,120,700,0.92,26520.0
Greece,Chania,Technical University of Crete,Electronic Engineering,Master,2.0,0,60.4,450,100,600,0.92,12100.0
Austria,Dornbirn,FH Vorarlberg,Software Development,Bachelor,3.0,1500,70.2,800,160,850,0.92,33010.0
Mexico,San Luis Potosi,UASLP,Computer Systems,Master,2.0,2800,42.8,380,40,400,17.05,12760.0
Turkey,Istanbul,Bogazici University,Computer Engineering,Master,2.0,1500,51.2,600,90,500,28.5,16990.0
Greece,Athens,Athens University of Economics,Data Science,Master,2.0,0,65.8,650,100,600,0.92,16900.0
Belgium,Leuven,KU Leuven,Artificial Intelligence,PhD,4.0,3800,76.5,950,180,800,0.92,52780.0
Hungary,Budapest,Budapest University of Technology,Software Engineering,Master,2.0,6500,53.4,500,140,450,350.25,19540.0
Russia,Moscow,Moscow State University,Computer Science,Bachelor,4.0,5500,62.3,600,160,400,95.5,36060.0
Turkey,Ankara,Middle East Technical University,Data Engineering,Master,2.0,1200,48.5,450,90,500,28.5,13090.0
Greece,Thessaloniki,University of Macedonia,Information Systems,PhD,4.0,0,62.4,500,100,600,0.92,26500.0
Belgium,Ghent,Ghent University,Computer Science,Master,2.0,3500,72.8,850,180,800,0.92,25680.0
Hungary,Debrecen,University of Debrecen,Mechatronics,Bachelor,3.0,5800,48.9,400,140,450,350.25,21690.0
Russia,Saint Petersburg,ITMO University,Data Science,Master,2.0,5000,60.1,550,160,400,95.5,19160.0
Turkey,Izmir,Ege University,Electronics Engineering,PhD,4.0,1300,47.8,400,90,500,28.5,22590.0
Greece,Patras,University of Patras,Computer Engineering,Master,2.0,0,60.5,450,100,600,0.92,12100.0
Belgium,Brussels,Vrije Universiteit Brussel,Robotics,Master,2.0,3600,75.4,900,180,800,0.92,26980.0
Hungary,Szeged,University of Szeged,Computer Science,PhD,4.0,6000,47.2,380,140,450,350.25,26180.0
Russia,Novosibirsk,Novosibirsk State University,Mathematics,Master,2.0,4800,55.4,400,160,400,95.5,15360.0
Turkey,Eskisehir,Anadolu University,Information Systems,Bachelor,4.0,1000,45.6,350,90,500,28.5,19890.0
Greece,Heraklion,University of Crete,Data Analytics,Master,2.0,0,61.2,480,100,600,0.92,12820.0
Belgium,Antwerp,University of Antwerp,Computer Science,PhD,4.0,3700,71.2,800,180,800,0.92,45480.0
Hungary,Pecs,University of Pecs,Software Development,Master,2.0,5500,46.8,350,140,450,350.25,14940.0
Russia,Kazan,Kazan Federal University,Artificial Intelligence,Bachelor,4.0,4500,52.3,380,160,400,95.5,24500.0
Turkey,Bursa,Uludag University,Computer Science,Master,2.0,1100,46.5,380,90,500,28.5,11310.0
Greece,Volos,University of Thessaly,Cybersecurity,PhD,4.0,0,59.8,400,100,600,0.92,21700.0
Belgium,Louvain,UCLouvain,Data Engineering,Master,2.0,3500,70.5,780,180,800,0.92,24000.0
Hungary,Gyor,Szechenyi Istvan University,Robotics,Bachelor,3.0,5200,45.6,320,140,450,350.25,18210.0
Russia,Tomsk,Tomsk State University,Software Engineering,Master,2.0,4600,51.2,350,160,400,95.5,13960.0
Turkey,Antalya,Akdeniz University,Data Science,PhD,4.0,1400,47.8,420,90,500,28.5,23650.0
Greece,Piraeus,University of Piraeus,Information Technology,Master,2.0,0,63.4,550,100,600,0.92,14500.0
Belgium,Hasselt,Hasselt University,Artificial Intelligence,Bachelor,3.0,3400,69.8,750,180,800,0.92,32980.0
Hungary,Miskolc,University of Miskolc,Computer Engineering,Master,2.0,5300,44.5,300,140,450,350.25,13540.0
Russia,Yekaterinburg,Ural Federal University,Data Analytics,PhD,4.0,4700,53.4,400,160,400,95.5,25660.0
Turkey,Kayseri,Erciyes University,Software Engineering,Master,2.0,1200,45.2,350,90,500,28.5,10690.0
Greece,Xanthi,Democritus University,Computer Engineering,Bachelor,4.0,0,58.7,380,100,600,0.92,20740.0
Belgium,Liege,University of Liege,Data Science,PhD,4.0,3600,68.9,720,180,800,0.92,41540.0
Hungary,Veszprem,University of Pannonia,Information Systems,Master,2.0,5100,44.8,310,140,450,350.25,13580.0
Russia,Samara,Samara State University,Computer Science,Master,2.0,4400,50.5,370,160,400,95.5,14240.0
Turkey,Konya,Selcuk University,Artificial Intelligence,Bachelor,4.0,1000,44.5,330,90,500,28.5,18930.0
Greece,Chios,University of the Aegean,Digital Systems,Master,2.0,0,59.2,400,100,600,0.92,10900.0
Belgium,Mons,University of Mons,Computer Engineering,Master,2.0,3500,67.8,700,180,800,0.92,22080.0
Hungary,Kecskemet,John von Neumann University,Data Analytics,PhD,4.0,5400,43.9,290,140,450,350.25,21260.0
Russia,Rostov-on-Don,Southern Federal University,Information Technology,Bachelor,4.0,4200,49.8,350,160,400,95.5,22760.0
Brazil,Sao Paulo,University of Sao Paulo,Computer Science,Master,2.0,0,55.8,600,90,400,4.95,15290.0
India,Bangalore,Indian Institute of Science,Data Science,PhD,4.0,2000,45.2,300,180,300,82.75,17780.0
Thailand,Bangkok,Chulalongkorn University,Software Engineering,Master,2.0,15000,51.4,500,80,350,35.25,27780.0
Egypt,Cairo,Cairo University,Computer Engineering,Bachelor,4.0,2500,31.8,250,100,200,30.9,15400.0
Singapore,Singapore,National University of Singapore,Artificial Intelligence,Master,2.0,42000,83.8,1200,90,800,1.35,72490.0
UAE,Dubai,University of Dubai,Data Analytics,Master,2.0,25000,72.4,1100,270,750,3.67,53170.0
Brazil,Rio de Janeiro,PUC-Rio,Information Systems,PhD,4.0,8000,53.2,550,90,400,4.95,36090.0
India,Mumbai,IIT Bombay,Computer Engineering,Master,2.0,1800,47.5,350,180,300,82.75,10980.0
Thailand,Chiang Mai,Chiang Mai University,Data Science,Bachelor,4.0,12000,45.6,300,80,350,35.25,27880.0
Singapore,Singapore,Nanyang Technological University,Computer Science,PhD,4.0,40000,83.8,1100,90,800,1.35,96090.0
UAE,Abu Dhabi,Khalifa University,Robotics,Master,2.0,27000,71.8,1000,270,750,3.67,52770.0
Brazil,Campinas,UNICAMP,Computer Engineering,Master,2.0,0,51.4,450,90,400,4.95,11690.0
India,Delhi,IIT Delhi,Artificial Intelligence,PhD,4.0,1900,44.8,320,180,300,82.75,18640.0
Thailand,Khon Kaen,Khon Kaen University,Information Technology,Master,2.0,11000,42.5,250,80,350,35.25,17780.0
Egypt,Alexandria,Alexandria University,Software Engineering,Master,2.0,2200,30.5,200,100,200,30.9,7500.0
Singapore,Singapore,Singapore Management University,Data Analytics,Bachelor,4.0,38000,83.8,1150,90,800,1.35,96490.0
UAE,Sharjah,American University of Sharjah,Computer Science,PhD,4.0,26000,68.5,900,270,750,3.67,72470.0
Brazil,Porto Alegre,UFRGS,Data Science,Bachelor,4.0,0,49.8,400,90,400,4.95,20890.0
India,Chennai,IIT Madras,Software Engineering,Master,2.0,1700,42.4,280,180,300,82.75,9200.0
Thailand,Phuket,Prince of Songkla University,Computer Engineering,Master,2.0,10000,44.8,300,80,350,35.25,17980.0
Egypt,Giza,Ain Shams University,Data Science,PhD,4.0,2400,31.2,220,100,200,30.9,13860.0
Singapore,Singapore,Singapore University of Technology,Artificial Intelligence,Master,2.0,39000,83.8,1100,90,800,1.35,67090.0
UAE,Ajman,Ajman University,Information Systems,Bachelor,4.0,23000,65.4,800,270,750,3.67,64670.0
Brazil,Recife,UFPE,Computer Engineering,Master,2.0,0,47.5,350,90,400,4.95,9290.0
India,Hyderabad,IIT Hyderabad,Data Analytics,PhD,4.0,1800,41.2,260,180,300,82.75,15660.0
Thailand,Hat Yai,Prince of Songkla University,Software Engineering,Bachelor,4.0,9500,43.2,280,80,350,35.25,24420.0
Egypt,Port Said,Port Said University,Computer Science,Master,2.0,2100,29.8,180,100,200,30.9,6920.0
Singapore,Singapore,SUTD,Robotics,PhD,4.0,37000,83.8,1050,90,800,1.35,90690.0
UAE,Al Ain,UAE University,Data Science,Master,2.0,24000,64.2,750,270,750,3.67,43770.0
Brazil,Florianopolis,UFSC,Information Technology,PhD,4.0,0,48.9,400,90,400,4.95,20890.0
India,Pune,IIT Pune,Computer Science,Master,2.0,1600,40.5,250,180,300,82.75,8380.0
Thailand,Nakhon Ratchasima,Suranaree University,Data Engineering,Master,2.0,9000,41.8,250,80,350,35.25,15780.0
Egypt,Mansoura,Mansoura University,Information Systems,Bachelor,4.0,2000,28.5,170,100,200,30.9,11060.0
Singapore,Singapore,SIM Global Education,Software Engineering,Bachelor,4.0,35000,83.8,1000,90,800,1.35,86290.0
UAE,Ras Al Khaimah,RAK University,Computer Engineering,Master,2.0,22000,62.5,700,270,750,3.67,40570.0
Brazil,Salvador,UFBA,Data Science,Master,2.0,0,46.8,380,90,400,4.95,10010.0
India,Kanpur,IIT Kanpur,Artificial Intelligence,PhD,4.0,1900,39.8,240,180,300,82.75,14800.0
Thailand,Songkhla,Thaksin University,Computer Engineering,Bachelor,4.0,8500,42.5,270,80,350,35.25,22940.0
Egypt,Aswan,Aswan University,Data Analytics,Master,2.0,1900,27.8,160,100,200,30.9,6240.0
UAE,Fujairah,Fujairah University,Information Technology,Bachelor,4.0,21000,61.4,650,270,750,3.67,55470.0
Iceland,Reykjavik,University of Iceland,Computer Science,Master,2.0,0,84.5,1200,140,900,137.5,30740.0
Colombia,Bogota,Universidad Nacional,Software Engineering,Master,2.0,3500,41.2,400,80,300,3950.0,13780.0
Poland,Warsaw,University of Warsaw,Data Science,PhD,4.0,3000,54.8,650,80,400,4.1,35880.0
Romania,Bucharest,University Politehnica,Computer Engineering,Bachelor,3.0,2500,45.2,450,120,350,4.65,19870.0
Luxembourg,Luxembourg City,University of Luxembourg,Artificial Intelligence,Master,2.0,400,83.2,1400,100,800,0.92,35700.0
Indonesia,Jakarta,University of Indonesia,Information Systems,Master,2.0,5000,45.8,400,150,250,15600.0,15250.0
Iceland,Akureyri,University of Akureyri,Data Analytics,Bachelor,3.0,0,78.4,900,140,900,137.5,35240.0
Colombia,Medellin,Universidad de Antioquia,Computer Science,PhD,4.0,4000,38.5,350,80,300,3950.0,22080.0
Poland,Krakow,Jagiellonian University,Software Development,Master,2.0,2800,52.4,600,80,400,4.1,18080.0
Romania,Cluj-Napoca,Babes-Bolyai University,Data Science,Master,2.0,2200,43.8,400,120,350,4.65,12620.0
Luxembourg,Esch-sur-Alzette,Luxembourg School of Business,Data Engineering,Master,2.0,400,79.5,1200,100,800,0.92,30900.0
Indonesia,Bandung,Institut Teknologi Bandung,Computer Engineering,PhD,4.0,4500,42.4,300,150,250,15600.0,20050.0
Iceland,Reykjavik,Reykjavik University,Robotics,Master,2.0,0,84.5,1150,140,900,137.5,29540.0
Colombia,Cali,Universidad del Valle,Information Technology,Bachelor,4.0,3200,36.8,300,80,300,3950.0,18880.0
Poland,Wroclaw,Wroclaw University of Technology,Artificial Intelligence,Master,2.0,2600,50.5,550,80,400,4.1,16680.0
Romania,Timisoara,Politehnica University,Software Engineering,PhD,4.0,2400,42.5,380,120,350,4.65,22160.0
Luxembourg,Belval,Luxembourg Institute of Science,Computer Science,Bachelor,3.0,400,78.4,1100,100,800,0.92,42500.0
Indonesia,Yogyakarta,Gadjah Mada University,Data Science,Master,2.0,4000,40.2,250,150,250,15600.0,10650.0
Iceland,Hafnarfjordur,Iceland University of Arts,Digital Design,Master,2.0,0,82.1,1000,140,900,137.5,25940.0
Colombia,Barranquilla,Universidad del Norte,Computer Engineering,Master,2.0,3800,35.4,280,80,300,3950.0,11200.0
Poland,Poznan,Adam Mickiewicz University,Computer Science,PhD,4.0,2700,51.2,580,80,400,4.1,32220.0
Romania,Iasi,Alexandru Ioan Cuza University,Information Systems,Master,2.0,2100,41.8,350,120,350,4.65,11320.0
Luxembourg,Kirchberg,Sacred Heart University,Data Analytics,Master,2.0,400,81.5,1300,100,800,0.92,33300.0
Indonesia,Surabaya,Institut Teknologi Sepuluh,Software Engineering,Bachelor,4.0,3800,41.5,280,150,250,15600.0,18390.0
Iceland,Kopavogur,Bifrost University,Digital Business,Bachelor,3.0,0,81.2,950,140,900,137.5,37040.0
Colombia,Bucaramanga,UIS,Data Science,PhD,4.0,3500,34.8,260,80,300,3950.0,17260.0
Poland,Gdansk,Gdansk University of Technology,Cybersecurity,Master,2.0,2500,49.8,520,80,400,4.1,15860.0
Romania,Brasov,Transilvania University,Computer Engineering,Bachelor,4.0,2000,40.5,330,120,350,4.65,19360.0
Luxembourg,Differdange,Miami University Dolibois,Information Technology,Master,2.0,400,77.8,1150,100,800,0.92,29700.0
Indonesia,Malang,Brawijaya University,Artificial Intelligence,Master,2.0,3500,39.8,240,150,250,15600.0,9910.0
Poland,Lodz,Lodz University of Technology,Software Engineering,Master,2.0,2400,48.5,500,80,400,4.1,15280.0
Romania,Constanta,Ovidius University,Data Analytics,Master,2.0,1900,39.8,320,120,350,4.65,10400.0
Luxembourg,Walferdange,European Business University,Digital Innovation,Bachelor,3.0,400,76.5,1100,100,800,0.92,42500.0
Indonesia,Semarang,Diponegoro University,Computer Science,PhD,4.0,3200,38.5,220,150,250,15600.0,14910.0
Iceland,Borgarnes,Agricultural University,Data Systems,Master,2.0,0,79.8,900,140,900,137.5,23540.0
Colombia,Cartagena,Universidad de Cartagena,Information Systems,Master,2.0,3300,35.2,290,80,300,3950.0,10940.0
Poland,Katowice,University of Silesia,Computer Engineering,Bachelor,3.0,2300,47.8,480,80,400,4.1,20860.0
Romania,Craiova,University of Craiova,Software Development,PhD,4.0,2200,38.9,300,120,350,4.65,18120.0
Luxembourg,Bertrange,Chamber of Commerce School,Business Analytics,Master,2.0,400,75.4,1050,100,800,0.92,27300.0
Indonesia,Denpasar,Udayana University,Information Technology,Master,2.0,3000,37.9,200,150,250,15600.0,8450.0
Tunisia,Tunis,University of Tunis,Computer Science,Master,2.0,1500,35.8,250,60,200,3.15,7960.0
Cyprus,Nicosia,University of Cyprus,Data Science,Master,2.0,8000,65.4,600,100,500,0.92,23500.0
Croatia,Zagreb,University of Zagreb,Software Engineering,PhD,4.0,4000,58.9,450,80,400,7.35,27280.0
Dominican Republic,Santo Domingo,INTEC,Computer Engineering,Bachelor,4.0,6000,42.5,350,100,300,56.8,24100.0
Morocco,Rabat,Mohammed V University,Information Systems,Master,2.0,2000,41.2,300,70,250,10.15,9770.0
Peru,Lima,PUCP,Data Analytics,Master,2.0,8500,44.8,400,120,350,3.75,18920.0
Argentina,Buenos Aires,University of Buenos Aires,Computer Science,PhD,4.0,0,42.5,350,90,280,275.0,18010.0
Tunisia,Sfax,University of Sfax,Artificial Intelligence,Master,2.0,1400,33.2,200,60,200,3.15,6660.0
Cyprus,Limassol,Cyprus University of Technology,Software Development,Bachelor,4.0,7500,62.8,550,100,500,0.92,36000.0
Croatia,Split,University of Split,Data Engineering,Master,2.0,3800,56.4,400,80,400,7.35,14280.0
Dominican Republic,Santiago,PUCMM,Information Technology,Master,2.0,5500,40.2,300,100,300,56.8,13400.0
Morocco,Casablanca,Hassan II University,Computer Engineering,PhD,4.0,2200,43.5,350,70,250,10.15,20070.0
Peru,Arequipa,Universidad San Agustin,Software Engineering,Bachelor,4.0,7000,41.2,300,120,350,3.75,22920.0
Argentina,Cordoba,National University of Cordoba,Data Science,Master,2.0,0,39.8,280,90,280,275.0,7370.0
Tunisia,Sousse,University of Sousse,Computer Systems,Bachelor,3.0,1300,32.5,180,60,200,3.15,8440.0
Cyprus,Larnaca,American University Cyprus,Artificial Intelligence,PhD,4.0,8200,61.5,500,100,500,0.92,34300.0
Croatia,Rijeka,University of Rijeka,Information Systems,Master,2.0,3500,54.8,380,80,400,7.35,13500.0
Dominican Republic,La Romana,Universidad Central Este,Computer Science,Bachelor,4.0,5000,38.5,280,100,300,56.8,19740.0
Morocco,Fez,University of Al Quaraouiyine,Data Analytics,Master,2.0,1800,39.8,250,70,250,10.15,8370.0
Peru,Trujillo,Universidad Nacional de Trujillo,Software Development,PhD,4.0,7500,40.5,280,120,350,3.75,22460.0
Argentina,Rosario,National University of Rosario,Computer Engineering,Master,2.0,0,38.5,260,90,280,275.0,6890.0
Tunisia,Monastir,University of Monastir,Data Science,PhD,4.0,1600,31.8,170,60,200,3.15,10620.0
Cyprus,Famagusta,Eastern Mediterranean University,Software Engineering,Master,2.0,7800,59.8,480,100,500,0.92,20420.0
Croatia,Osijek,University of Osijek,Computer Science,Bachelor,3.0,3200,52.5,350,80,400,7.35,17080.0
Dominican Republic,San Pedro,UCNE,Information Systems,Master,2.0,4800,37.2,260,100,300,56.8,11740.0
Morocco,Marrakech,Cadi Ayyad University,Artificial Intelligence,PhD,4.0,2100,40.5,280,70,250,10.15,16610.0
Peru,Cusco,Universidad San Antonio Abad,Data Analytics,Master,2.0,6800,39.8,260,120,350,3.75,13860.0
Argentina,La Plata,National University of La Plata,Software Development,Bachelor,4.0,0,37.5,240,90,280,275.0,12730.0
Tunisia,Gabes,University of Gabes,Computer Engineering,Master,2.0,1400,30.5,160,60,200,3.15,5700.0
Croatia,Zadar,University of Zadar,Information Technology,PhD,4.0,3600,53.2,370,80,400,7.35,23040.0
Cyprus,Paphos,Neapolis University,Data Science,Bachelor,3.0,7400,58.5,450,100,500,0.92,25200.0
Dominican Republic,Puerto Plata,UTESA,Computer Science,PhD,4.0,4500,36.8,250,100,300,56.8,17800.0
Morocco,Tangier,Abdelmalek Essaadi University,Software Engineering,Master,2.0,1900,38.9,260,70,250,10.15,8710.0
Peru,Piura,Universidad de Piura,Information Systems,Master,2.0,7200,38.5,250,120,350,3.75,14020.0
Argentina,Mendoza,National University of Cuyo,Data Analytics,PhD,4.0,0,36.8,230,90,280,275.0,12250.0
Tunisia,Bizerte,University of Carthage,Artificial Intelligence,Bachelor,3.0,1200,29.8,150,60,200,3.15,7260.0
Cyprus,Girne,Girne American University,Computer Engineering,Master,2.0,7600,57.8,430,100,500,0.92,19020.0
Croatia,Dubrovnik,University of Dubrovnik,Software Development,Master,2.0,3400,54.5,390,80,400,7.35,13640.0
Morocco,Oujda,Mohammed I University,Computer Science,Bachelor,4.0,1700,37.5,240,70,250,10.15,14290.0
Peru,Chiclayo,Universidad San Martin,Data Engineering,PhD,4.0,6500,37.8,240,120,350,3.75,19540.0
Ecuador,Quito,Universidad San Francisco,Computer Science,Master,2.0,8500,45.8,400,100,300,1.0,18800.0
Lebanon,Beirut,American University of Beirut,Data Science,Master,2.0,20000,58.9,600,150,500,15000.0,35550.0
Bahrain,Manama,University of Bahrain,Software Engineering,Bachelor,4.0,7000,65.4,700,130,600,0.38,43130.0
Uruguay,Montevideo,Universidad de la Republica,Computer Engineering,PhD,4.0,0,52.4,450,90,350,39.5,23090.0
Bulgaria,Sofia,Sofia University,Information Systems,Master,2.0,3500,48.5,400,110,300,1.85,13810.0
Ghana,Accra,University of Ghana,Data Analytics,Master,2.0,4500,42.1,300,120,250,12.0,12320.0
Algeria,Algiers,University of Science and Technology,Computer Science,Bachelor,3.0,1200,38.5,250,80,200,137.5,10880.0
Panama,Panama City,Universidad Tecnologica,Artificial Intelligence,Master,2.0,7500,51.2,600,100,400,1.0,22800.0
Ecuador,Guayaquil,ESPOL,Software Development,PhD,4.0,7800,43.2,350,100,300,1.0,25900.0
Lebanon,Byblos,Lebanese American University,Data Engineering,Master,2.0,18000,55.4,500,150,500,15000.0,31150.0
Bahrain,Riffa,Royal University for Women,Information Technology,Master,2.0,8000,63.2,650,130,600,0.38,24930.0
Uruguay,Salto,Universidad ORT Uruguay,Computer Science,Master,2.0,6500,48.5,380,90,350,39.5,16410.0
Bulgaria,Plovdiv,Plovdiv University,Data Science,Bachelor,3.0,3200,45.8,350,110,300,1.85,16810.0
Ghana,Kumasi,Kwame Nkrumah University,Software Engineering,PhD,4.0,4200,39.8,250,120,250,12.0,17320.0
Algeria,Oran,University of Oran,Computer Engineering,Master,2.0,1100,36.4,220,80,200,137.5,6860.0
Panama,David,ISAE University,Data Analytics,Bachelor,4.0,6800,47.5,450,100,400,1.0,30100.0
Ecuador,Cuenca,Universidad de Cuenca,Information Systems,Master,2.0,7200,42.5,320,100,300,1.0,15580.0
Lebanon,Tripoli,Lebanese University,Computer Science,PhD,4.0,2000,52.1,400,150,500,15000.0,23350.0
Bahrain,Isa Town,Bahrain Polytechnic,Software Development,Bachelor,4.0,6500,61.8,600,130,600,0.38,37830.0
Uruguay,Maldonado,Universidad Catolica,Data Science,Master,2.0,7000,49.2,400,90,350,39.5,17390.0
Bulgaria,Varna,Technical University Varna,Computer Engineering,Master,2.0,3100,44.2,330,110,300,1.85,11730.0
Ghana,Cape Coast,University of Cape Coast,Information Technology,Master,2.0,4000,38.5,230,120,250,12.0,10140.0
Algeria,Constantine,University of Constantine,Data Analytics,PhD,4.0,1300,35.8,200,80,200,137.5,11780.0
Panama,Santiago,Universidad Latina,Computer Science,Master,2.0,6500,45.8,400,100,400,1.0,17000.0
Ecuador,Loja,UTPL,Artificial Intelligence,Bachelor,3.0,6800,41.2,300,100,300,1.0,18600.0
Lebanon,Jounieh,Holy Spirit University,Software Engineering,Master,2.0,16000,54.5,450,150,500,15000.0,27950.0
Bahrain,Sakhir,Arabian Gulf University,Data Science,PhD,4.0,9000,62.4,620,130,600,0.38,41290.0
Uruguay,Rivera,UTEC,Information Systems,Bachelor,4.0,0,47.8,350,90,350,39.5,18290.0
Bulgaria,Burgas,Burgas Free University,Computer Science,Master,2.0,2900,43.5,320,110,300,1.85,11290.0
Ghana,Tamale,University for Development,Software Development,PhD,4.0,3800,36.8,200,120,250,12.0,14520.0
Algeria,Annaba,Badji Mokhtar University,Computer Engineering,Master,2.0,1000,34.5,180,80,200,137.5,5800.0
Panama,Chitré,Quality Leadership University,Data Analytics,Bachelor,3.0,6200,44.2,380,100,400,1.0,21180.0
Ecuador,Ambato,Universidad Tecnica,Information Technology,PhD,4.0,6500,40.5,280,100,300,1.0,21240.0
Lebanon,Sidon,Lebanese International,Computer Science,Bachelor,4.0,15000,51.8,420,150,500,15000.0,37310.0
Bahrain,Muharraq,Applied Science University,Data Engineering,Master,2.0,7500,61.5,580,130,600,0.38,22750.0
Uruguay,Paysandu,Universidad de Paysandu,Software Engineering,Master,2.0,0,46.5,330,90,350,39.5,8710.0
Bulgaria,Ruse,University of Ruse,Artificial Intelligence,PhD,4.0,3300,42.8,300,110,300,1.85,19010.0
Ghana,Ho,University of Health Sciences,Data Science,Master,2.0,3500,35.4,180,120,250,12.0,8440.0
Algeria,Tlemcen,University of Tlemcen,Information Systems,Bachelor,3.0,900,33.2,160,80,200,137.5,7340.0
Panama,La Chorrera,Universidad Metropolitana,Computer Science,Master,2.0,6000,43.5,350,100,400,1.0,15300.0
Bangladesh,Dhaka,Bangladesh University of Engineering,Computer Science,Master,2.0,2500,42.5,250,100,200,109.5,9000.0
Kuwait,Kuwait City,Kuwait University,Data Science,Master,2.0,3500,71.2,800,140,700,0.31,24240.0
Ukraine,Kyiv,Igor Sikorsky Kyiv Polytechnic,Software Engineering,Bachelor,4.0,3800,45.8,400,120,300,36.8,24320.0
Slovenia,Ljubljana,University of Ljubljana,Computer Engineering,PhD,4.0,4500,62.4,500,80,450,0.92,30380.0
Serbia,Belgrade,University of Belgrade,Information Systems,Master,2.0,2800,48.5,350,90,320,108.5,11930.0
Iran,Tehran,Sharif University of Technology,Data Analytics,Master,2.0,3000,51.2,400,150,280,42150.0,13310.0
Uzbekistan,Tashkent,INHA University Tashkent,Computer Science,Bachelor,4.0,4200,44.5,300,160,250,12300.0,19760.0
El Salvador,San Salvador,Universidad Don Bosco,Software Development,Master,2.0,5500,46.8,400,110,300,1.0,15810.0
Bangladesh,Chittagong,CUET,Artificial Intelligence,PhD,4.0,2200,39.8,200,100,200,109.5,12700.0
Kuwait,Hawalli,American University Kuwait,Data Engineering,Master,2.0,15000,68.5,750,140,700,0.31,34540.0
Ukraine,Lviv,Lviv Polytechnic,Computer Science,Master,2.0,3500,43.2,350,120,300,36.8,12620.0
Slovenia,Maribor,University of Maribor,Data Science,Master,2.0,4200,58.5,450,80,450,0.92,15980.0
Serbia,Novi Sad,University of Novi Sad,Software Engineering,PhD,4.0,2600,45.8,320,90,320,108.5,19330.0
Iran,Isfahan,Isfahan University of Technology,Information Systems,Bachelor,3.0,2800,48.5,350,150,280,42150.0,16390.0
Uzbekistan,Samarkand,Samarkand State University,Data Analytics,Master,2.0,3800,41.2,250,160,250,12300.0,10460.0
El Salvador,Santa Ana,Universidad Catolica,Computer Engineering,Bachelor,4.0,5000,44.5,350,110,300,1.0,23110.0
Bangladesh,Khulna,Khulna University,Software Development,Master,2.0,2100,38.5,180,100,200,109.5,6920.0
Kuwait,Al Jahra,Gulf University for Science,Artificial Intelligence,PhD,4.0,14000,66.8,700,140,700,0.31,50540.0
Ukraine,Kharkiv,Kharkiv Polytechnic,Data Science,Master,2.0,3400,42.5,330,120,300,36.8,12040.0
Slovenia,Koper,University of Primorska,Information Technology,Bachelor,3.0,4000,57.2,420,80,450,0.92,20550.0
Serbia,Nis,University of Nis,Computer Engineering,Master,2.0,2500,44.2,300,90,320,108.5,10430.0
Iran,Mashhad,Ferdowsi University,Data Analytics,PhD,4.0,2900,47.8,320,150,280,42150.0,19530.0
Uzbekistan,Bukhara,Bukhara State University,Computer Science,Bachelor,4.0,3500,39.8,220,160,250,12300.0,15220.0
El Salvador,San Miguel,Universidad de Oriente,Information Systems,Master,2.0,4800,43.2,320,110,300,1.0,13190.0
Bangladesh,Rajshahi,RUET,Software Engineering,Master,2.0,2000,37.2,170,100,200,109.5,6580.0
Kuwait,Salmiya,Australian College Kuwait,Data Science,Bachelor,3.0,13500,65.4,680,140,700,0.31,40220.0
Ukraine,Odesa,Odesa Polytechnic,Artificial Intelligence,PhD,4.0,3600,41.8,320,120,300,36.8,20280.0
Slovenia,Nova Gorica,University of Nova Gorica,Computer Science,Master,2.0,4100,56.5,400,80,450,0.92,14680.0
Serbia,Kragujevac,University of Kragujevac,Data Engineering,Bachelor,4.0,2400,43.5,280,90,320,108.5,17210.0
Iran,Shiraz,Shiraz University,Software Development,Master,2.0,2700,46.8,300,150,280,42150.0,10610.0
Uzbekistan,Namangan,Namangan Institute,Information Technology,Master,2.0,3400,38.5,200,160,250,12300.0,8860.0
El Salvador,Sonsonate,Universidad de Sonsonate,Data Science,Bachelor,3.0,4500,42.8,300,110,300,1.0,16310.0
Bangladesh,Sylhet,SUST,Computer Engineering,PhD,4.0,2300,36.8,160,100,200,109.5,10880.0
Kuwait,Al Ahmadi,ACK,Software Engineering,Master,2.0,13000,64.5,650,140,700,0.31,30140.0
Ukraine,Dnipro,Dnipro Polytechnic,Data Analytics,Master,2.0,3300,40.5,300,120,300,36.8,11220.0
Slovenia,Celje,Faculty of Logistics,Information Systems,Bachelor,3.0,3900,55.4,380,80,450,0.92,19010.0
Serbia,Subotica,University of Subotica,Computer Science,Master,2.0,2300,42.8,270,90,320,108.5,9510.0
Iran,Tabriz,University of Tabriz,Artificial Intelligence,PhD,4.0,2600,45.5,280,150,280,42150.0,17310.0
Uzbekistan,Andijan,Andijan State University,Software Development,Master,2.0,3200,37.8,180,160,250,12300.0,8180.0
El Salvador,Santa Tecla,ITCA-FEPADE,Computer Engineering,Bachelor,4.0,4200,42.1,280,110,300,1.0,18950.0
Malaysia,Kuala Lumpur,University of Malaya,Computer Science,Master,2.0,8500,55.4,500,120,400,4.65,21420.0
Saudi Arabia,Riyadh,King Saud University,Data Science,PhD,4.0,5000,72.5,800,200,800,3.75,46800.0
USA,Boston,Harvard University,Artificial Intelligence,Master,2.0,58000,82.1,2200,160,1500,1.0,113960.0
UK,London,Imperial College,Computer Engineering,Master,2.0,42000,75.3,1800,485,800,0.79,87285.0
Spain,Madrid,Universidad Politecnica,Software Engineering,PhD,4.0,3500,71.4,1100,80,750,0.92,59380.0
Italy,Milan,Politecnico di Milano,Data Analytics,Master,2.0,4000,73.2,1200,120,700,0.92,34320.0
France,Paris,Sorbonne University,Computer Science,Master,2.0,4500,84.3,1800,99,850,0.92,49499.0
Malaysia,Penang,USM,Information Systems,Bachelor,3.0,7500,52.1,450,120,400,4.65,25020.0
Saudi Arabia,Jeddah,King Abdulaziz University,Data Engineering,Master,2.0,4800,70.2,750,200,800,3.75,24600.0
USA,Stanford,Stanford University,Computer Science,PhD,5.0,52000,84.3,2300,160,1500,1.0,197660.0
UK,Cambridge,University of Cambridge,Artificial Intelligence,PhD,4.0,45000,71.5,1600,485,800,0.79,125485.0
Spain,Barcelona,Universitat de Barcelona,Data Science,Master,2.0,3800,73.6,1000,80,750,0.92,29380.0
Italy,Rome,Sapienza University,Software Engineering,Bachelor,3.0,3500,71.2,1100,120,700,0.92,45320.0
France,Lyon,École Normale Supérieure,Computer Engineering,Master,2.0,4200,75.6,1200,99,850,0.92,34799.0
Malaysia,Johor Bahru,UTM,Data Analytics,PhD,4.0,8000,51.8,400,120,400,4.65,28920.0
Saudi Arabia,Dhahran,KFUPM,Computer Science,Master,2.0,4500,68.5,700,200,800,3.75,23100.0
USA,Berkeley,UC Berkeley,Data Science,Master,2.0,54000,83.2,2000,160,1500,1.0,105160.0
UK,Oxford,University of Oxford,Software Engineering,Master,2.0,40000,71.5,1400,485,800,0.79,75685.0
Spain,Valencia,Universidad de Valencia,Information Systems,PhD,4.0,3200,68.5,800,80,750,0.92,44680.0
Italy,Turin,Politecnico di Torino,Artificial Intelligence,Master,2.0,3800,69.8,900,120,700,0.92,26920.0
France,Toulouse,INSA Toulouse,Data Engineering,PhD,4.0,4300,72.1,1000,99,850,0.92,55799.0
Malaysia,Kuching,UNIMAS,Computer Science,Master,2.0,7000,49.5,380,120,400,4.65,17040.0
Saudi Arabia,Medina,Islamic University,Software Development,Bachelor,4.0,4200,65.4,650,200,800,3.75,38800.0
USA,MIT,Massachusetts,Robotics,PhD,5.0,56000,82.1,2100,160,1500,1.0,189660.0
UK,Edinburgh,University of Edinburgh,Data Science,Master,2.0,38000,67.8,1100,485,800,0.79,66485.0
Spain,Seville,Universidad de Sevilla,Computer Engineering,Master,2.0,3000,65.4,750,80,750,0.92,22580.0
Italy,Bologna,University of Bologna,Information Systems,PhD,4.0,3600,70.5,950,120,700,0.92,52120.0
France,Marseille,Aix-Marseille University,Artificial Intelligence,Master,2.0,4100,73.5,1100,99,850,0.92,32299.0
Malaysia,Cyberjaya,Multimedia University,Data Analytics,Bachelor,3.0,7800,53.2,450,120,400,4.65,25320.0
Saudi Arabia,Dammam,Imam Abdulrahman University,Computer Science,Master,2.0,4600,67.8,680,200,800,3.75,22720.0
USA,New York,Columbia University,Data Science,Master,2.0,62000,100.0,2500,160,1500,1.0,125160.0
UK,Manchester,University of Manchester,Software Engineering,PhD,4.0,35000,65.4,900,485,800,0.79,81885.0
Spain,Granada,Universidad de Granada,Computer Science,Bachelor,3.0,2800,64.5,700,80,750,0.92,30330.0
Italy,Florence,University of Florence,Data Engineering,Master,2.0,3500,71.2,1000,120,700,0.92,29020.0
France,Bordeaux,University of Bordeaux,Information Systems,PhD,4.0,4300,72.1,1000,99,850,0.92,55799.0
Malaysia,Bangi,UKM,Artificial Intelligence,Master,2.0,7200,51.5,420,120,400,4.65,18200.0
Saudi Arabia,Taif,Taif University,Software Development,Master,2.0,4400,64.5,600,200,800,3.75,20600.0
USA,Los Angeles,UCLA,Computer Engineering,PhD,5.0,52000,79.8,2200,160,1500,1.0,191660.0
UK,Bristol,University of Bristol,Data Analytics,Master,2.0,36000,68.9,1200,485,800,0.79,66885.0
Spain,Bilbao,University of the Basque Country,Information Technology,Master,2.0,3400,67.8,850,80,750,0.92,25380.0
Italy,Naples,University of Naples,Computer Science,Bachelor,3.0,3200,67.8,800,120,700,0.92,34220.0
France,Nice,University of Nice,Data Science,Master,2.0,4100,76.5,1300,99,850,0.92,37099.0
Malaysia,Melaka,UTeM,Software Engineering,PhD,4.0,7500,50.2,400,120,400,4.65,28420.0
Saudi Arabia,Tabuk,University of Tabuk,Computer Engineering,Bachelor,4.0,4100,63.2,580,200,800,3.75,35340.0
USA,Chicago,University of Chicago,Artificial Intelligence,Master,2.0,58000,84.1,1900,160,1500,1.0,106760.0
UK,Glasgow,University of Glasgow,Data Engineering,PhD,4.0,34000,64.5,950,485,800,0.79,83285.0
Spain,Salamanca,University of Salamanca,Information Systems,Master,2.0,3100,62.1,600,80,750,0.92,19080.0
Italy,Pisa,University of Pisa,Software Development,Master,2.0,3300,68.9,850,120,700,0.92,25220.0
France,Lille,University of Lille,Computer Science,Bachelor,3.0,4200,69.8,950,99,850,0.92,41049.0
Malaysia,Shah Alam,UiTM,Data Analytics,Master,2.0,7100,51.8,430,120,400,4.65,18340.0
Saudi Arabia,Makkah,Umm Al-Qura University,Information Technology,PhD,4.0,4300,65.8,650,200,800,3.75,38900.0
USA,San Francisco,Stanford University,Data Science,Master,2.0,55000,95.2,2400,160,1500,1.0,115760.0
UK,Leeds,University of Leeds,Computer Engineering,Master,2.0,35000,63.2,900,485,800,0.79,58685.0
Spain,Zaragoza,University of Zaragoza,Artificial Intelligence,PhD,4.0,2900,63.2,650,80,750,0.92,37180.0
Italy,Padua,University of Padua,Software Engineering,Master,2.0,3400,69.5,900,120,700,0.92,26520.0
France,Strasbourg,University of Strasbourg,Data Analytics,Master,2.0,4000,70.2,1000,99,850,0.92,29799.0
Malaysia,Nilai,USIM,Computer Science,Bachelor,3.0,6800,50.5,400,120,400,4.65,22520.0
Saudi Arabia,Al-Ahsa,King Faisal University,Information Systems,Master,2.0,4200,64.2,600,200,800,3.75,20400.0
USA,Seattle,University of Washington,Software Development,PhD,5.0,50000,77.8,2000,160,1500,1.0,177660.0
UK,Nottingham,University of Nottingham,Data Engineering,Master,2.0,34000,61.2,800,485,800,0.79,55285.0
